Date	Price	Open	High	Low	Vol.	Change %
29-Mar-18	64.94	64.69	65.26	64.16	562.82K	0.87
28-Mar-18	64.38	64.7	65.13	63.72	697.68K	-1.33
27-Mar-18	65.25	65.53	66.41	64.53	670.81K	-0.46
26-Mar-18	65.55	65.9	66.55	65.08	585.90K	-1.29
25-Mar-18	66.41	65.88	66.54	65.66	0	0.8
23-Mar-18	65.88	64.28	66	64.11	752.99K	2.46
22-Mar-18	64.3	65.5	65.74	64.14	689.17K	-1.33
21-Mar-18	65.17	63.72	65.55	63.58	763.77K	2.79
20-Mar-18	63.4	62.1	63.81	62.08	36.06K	2.16
19-Mar-18	62.06	62.23	62.35	61.36	115.96K	-0.45
16-Mar-18	62.34	61.19	62.54	61.08	202.49K	1.88
15-Mar-18	61.19	60.95	61.54	60.82	430.20K	0.38
14-Mar-18	60.96	60.87	61.33	60.11	665.02K	0.41
13-Mar-18	60.71	61.37	61.97	60.27	747.74K	-1.06
12-Mar-18	61.36	62.1	62.33	60.67	537.99K	-1.1
9-Mar-18	62.04	60.27	62.18	60.14	659.72K	3.19
8-Mar-18	60.12	61.33	61.4	59.95	720.51K	-1.68
7-Mar-18	61.15	62.3	62.58	60.58	879.12K	-2.32
6-Mar-18	62.6	62.58	63.28	62.17	634.95K	0.05
5-Mar-18	62.57	61.55	62.79	61.1	599.27K	2.16
2-Mar-18	61.25	61.34	61.6	60.13	613.51K	0.43
1-Mar-18	60.99	61.55	61.83	60.18	812.51K	-1.05
28-Feb-18	61.64	62.79	63.44	61.36	768.41K	-2.17
27-Feb-18	63.01	64.06	64.08	62.64	562.67K	-1.41
26-Feb-18	63.91	63.6	64.24	63.06	469.85K	0.57
23-Feb-18	63.55	62.6	63.73	62.33	460.60K	1.24
22-Feb-18	62.77	61.34	63.09	60.75	592.60K	1.77
21-Feb-18	61.68	61.63	61.86	60.92	466.92K	-0.36
20-Feb-18	61.9	61.63	62.74	61.58	50.21K	-0.77
19-Feb-18	62.38	61.71	62.49	61.67	0	1.07
18-Feb-18	61.72	61.51	61.74	61.51	0	0.06
16-Feb-18	61.68	61.45	61.99	60.88	181.18K	0.55
15-Feb-18	61.34	60.71	61.64	59.72	340.40K	1.22
14-Feb-18	60.6	58.98	60.9	58.2	650.32K	2.38
13-Feb-18	59.19	59.35	59.73	58.39	580.60K	-0.17
12-Feb-18	59.29	59.12	60.83	59.1	736.92K	0.15
9-Feb-18	59.2	60.43	60.77	58.07	933.31K	-3.19
8-Feb-18	61.15	61.7	62.09	60.27	929.58K	-1.04
7-Feb-18	61.79	63.92	64.18	61.25	1.03M	-2.52
6-Feb-18	63.39	63.43	64.29	63.12	797.81K	-1.18
5-Feb-18	64.15	65.1	65.4	63.42	891.06K	-1.99
2-Feb-18	65.45	65.99	66.3	64.47	857.57K	-0.53
1-Feb-18	65.8	64.76	66.25	64.63	685.75K	1.65
31-Jan-18	64.73	64.03	64.94	63.67	613.26K	0.36
30-Jan-18	64.5	65.53	65.56	63.89	688.38K	-1.62
29-Jan-18	65.56	66.18	66.46	64.98	656.17K	-0.88
26-Jan-18	66.14	65.25	66.35	64.91	678.19K	0.96
25-Jan-18	65.51	65.88	66.66	65.08	771.76K	-0.15
24-Jan-18	65.61	64.42	66.05	64.34	887.02K	1.77
23-Jan-18	64.47	63.88	64.88	63.7	662.46K	1.54
22-Jan-18	63.49	63.61	64.14	63.17	40.06K	0.19
19-Jan-18	63.37	63.74	63.77	62.85	142.71K	-0.91
18-Jan-18	63.95	64.07	64.35	63.47	204.50K	-0.03
17-Jan-18	63.97	63.89	64.17	63.31	444.38K	0.38
16-Jan-18	63.73	64.43	64.89	63.39	867.77K	-1.54
15-Jan-18	64.73	64.28	64.89	64.11	0	0.7
14-Jan-18	64.28	64.42	64.44	64.19	0	-0.03
12-Jan-18	64.3	63.57	64.5	63.06	678.73K	0.78
11-Jan-18	63.8	63.5	64.77	63.43	876.64K	0.36
10-Jan-18	63.57	63.41	63.67	63.09	697.84K	0.97
9-Jan-18	62.96	61.92	63.48	61.8	844.72K	1.99
8-Jan-18	61.73	61.61	61.97	61.34	616.47K	0.47
5-Jan-18	61.44	61.9	62.04	61.09	563.04K	-0.92
4-Jan-18	62.01	61.96	62.21	61.59	654.36K	0.62
3-Jan-18	61.63	60.39	61.97	60.28	673.86K	2.09
2-Jan-18	60.37	60.2	60.74	60.1	510.31K	0.22
1-Jan-18	60.24	60.26	60.28	60.15	0	-0.3
29-Dec-17	60.42	59.91	60.51	59.82	464.48K	0.97
28-Dec-17	59.84	59.53	59.94	59.44	345.96K	0.34
27-Dec-17	59.64	59.79	59.93	59.33	402.40K	-0.55
26-Dec-17	59.97	58.4	60.01	58.32	437.79K	2.36
25-Dec-17	58.59	58.41	58.62	58.38	0	0.21
22-Dec-17	58.47	58.21	58.5	57.87	324.55K	0.19
21-Dec-17	58.36	58.02	58.38	57.63	405.32K	0.46
20-Dec-17	58.09	57.66	58.12	57.44	420.84K	1.1
19-Dec-17	57.46	57.3	57.64	57.16	36.29K	0.52
18-Dec-17	57.16	57.37	57.78	56.82	137.15K	-0.24
15-Dec-17	57.3	57.15	57.49	56.94	210.05K	0.46
14-Dec-17	57.04	56.7	57.22	56.09	580.57K	0.78
13-Dec-17	56.6	57.45	57.83	56.55	658.14K	-0.95
12-Dec-17	57.14	58.02	58.56	56.85	826.49K	-1.47
11-Dec-17	57.99	57.25	58.08	56.91	606.72K	1.1
8-Dec-17	57.36	56.65	57.79	56.54	681.60K	1.18
7-Dec-17	56.69	56	56.78	55.82	557.33K	1.3
6-Dec-17	55.96	57.45	57.57	55.87	678.99K	-2.88
5-Dec-17	57.62	57.48	57.92	57.08	499.25K	0.26
4-Dec-17	57.47	58.32	58.34	57.35	529.97K	-1.53
1-Dec-17	58.36	57.42	58.88	57.29	685.22K	1.67
30-Nov-17	57.4	57.41	57.98	56.82	735.13K	0.17
29-Nov-17	57.3	57.73	58.3	56.75	741.56K	-1.19
28-Nov-17	57.99	57.86	58.11	57.42	546.53K	-0.21
27-Nov-17	58.11	58.95	58.99	57.55	690.08K	-1.42
24-Nov-17	58.95	58.05	59.05	57.75	577.83K	0.98
23-Nov-17	58.38	57.97	58.58	57.76	0	0.62
22-Nov-17	58.02	57.12	58.15	57.03	837.41K	2.09
21-Nov-17	56.83	56.38	57.22	56.32	619.07K	1.32
20-Nov-17	56.09	56.69	56.76	55.57	37.70K	-0.81
17-Nov-17	56.55	55.25	56.68	55.18	184.94K	2.56
16-Nov-17	55.14	55.3	55.62	54.93	213.92K	-0.34
15-Nov-17	55.33	55.06	55.56	54.88	501.39K	-0.66
14-Nov-17	55.7	56.72	56.77	54.81	707.34K	-1.87
13-Nov-17	56.76	56.9	57.15	56.3	631.62K	0.04
10-Nov-17	56.74	57.02	57.35	56.55	541.30K	-0.75
9-Nov-17	57.17	56.85	57.53	56.69	666.95K	0.63
8-Nov-17	56.81	56.96	57.92	56.41	919.15K	-0.68
7-Nov-17	57.2	57.27	57.69	56.83	750.19K	-0.26
6-Nov-17	57.35	55.97	57.61	55.66	861.71K	3.07
3-Nov-17	55.64	54.73	55.76	54.4	614.16K	2.02
2-Nov-17	54.54	54.28	54.84	53.99	482.85K	0.44
1-Nov-17	54.3	54.65	55.22	53.89	671.04K	-0.15
31-Oct-17	54.38	54.08	54.85	53.93	497.30K	0.42
30-Oct-17	54.15	54.16	54.46	53.75	565.04K	0.46
27-Oct-17	53.9	52.8	54.2	52.25	730.92K	2.39
26-Oct-17	52.64	52.19	52.86	51.91	594.65K	0.88
25-Oct-17	52.18	52.56	52.57	51.89	681.74K	-0.55
24-Oct-17	52.47	51.89	52.62	51.55	709.55K	1.1
23-Oct-17	51.9	52.07	52.3	51.68	583.56K	0.84
20-Oct-17	51.47	51.42	51.73	50.7	32.96K	0.35
19-Oct-17	51.29	52.05	52.17	51.07	127.41K	-1.44
18-Oct-17	52.04	51.94	52.33	51.69	152.62K	0.31
17-Oct-17	51.88	51.93	52.25	51.21	471.61K	0.02
16-Oct-17	51.87	51.43	52.37	51.35	520.73K	0.82
13-Oct-17	51.45	50.73	51.72	50.7	667.50K	1.68
12-Oct-17	50.6	51	51.13	50.15	729.27K	-1.36
11-Oct-17	51.3	50.94	51.42	50.61	651.95K	0.75
10-Oct-17	50.92	49.55	51.06	49.54	664.84K	2.7
9-Oct-17	49.58	49.25	49.79	49.13	505.08K	0.59
6-Oct-17	49.29	50.75	50.82	49.1	743.11K	-2.95
5-Oct-17	50.79	49.88	51.22	49.85	654.39K	1.62
4-Oct-17	49.98	50.16	50.67	49.76	598.84K	-0.87
3-Oct-17	50.42	50.59	50.73	50.14	462.74K	-0.32
2-Oct-17	50.58	51.64	51.71	50.07	600.93K	-2.11
29-Sep-17	51.67	51.58	51.77	51.25	551.98K	0.21
28-Sep-17	51.56	52.05	52.86	51.22	801.82K	-1.11
27-Sep-17	52.14	52.09	52.34	51.63	637.04K	0.5
26-Sep-17	51.88	52.12	52.43	51.43	709.52K	-0.65
25-Sep-17	52.22	50.68	52.28	50.39	701.24K	3.08
22-Sep-17	50.66	50.73	50.78	50.29	473.80K	0.22
21-Sep-17	50.55	50.72	50.81	50.07	580.57K	0.28
20-Sep-17	50.41	49.84	50.65	49.75	35.49K	1.88
19-Sep-17	49.48	49.91	50.42	49.33	143.38K	-0.86
18-Sep-17	49.91	49.85	50.33	49.19	189.61K	0.04
15-Sep-17	49.89	49.72	50.13	49.41	433.60K	0
14-Sep-17	49.89	49.31	50.5	49.15	709.04K	1.2
13-Sep-17	49.3	48.34	49.4	48.12	706.93K	2.22
12-Sep-17	48.23	48.12	48.44	47.73	676.04K	0.33
11-Sep-17	48.07	47.58	48.27	47	774.47K	1.24
8-Sep-17	47.48	49.09	49.26	47.27	843.76K	-3.28
7-Sep-17	49.09	49.14	49.33	48.63	702.51K	-0.14
6-Sep-17	49.16	48.59	49.42	48.52	788.96K	1.03
5-Sep-17	48.66	47.28	48.98	47.15	1.03M	2.64
4-Sep-17	47.41	47.31	47.66	47.16	0	0.19
3-Sep-17	47.32	47.31	47.42	47.3	0	0.06
1-Sep-17	47.29	47.08	47.35	46.56	742.81K	0.13
31-Aug-17	47.23	45.95	47.47	45.58	915.71K	2.76
30-Aug-17	45.96	46.31	46.72	45.84	882.98K	-1.03
29-Aug-17	46.44	46.86	46.96	45.76	895.64K	-0.28
28-Aug-17	46.57	47.89	48.2	46.15	921.29K	-2.72
25-Aug-17	47.87	47.62	47.91	47.39	646.52K	0.93
24-Aug-17	47.43	48.36	48.43	47.06	831.36K	-2.02
23-Aug-17	48.41	47.64	48.5	47.53	701.69K	1.62
22-Aug-17	47.64	47.45	48.03	47.2	38.40K	0.57
21-Aug-17	47.37	48.72	48.75	47.03	129.19K	-2.35
18-Aug-17	48.51	46.93	48.74	46.78	253.07K	3.02
17-Aug-17	47.09	46.8	47.19	46.46	608.31K	0.66
16-Aug-17	46.78	47.72	47.99	46.67	815.54K	-1.62
15-Aug-17	47.55	47.49	47.9	47.02	770.36K	-0.08
14-Aug-17	47.59	48.79	49.16	47.43	763.24K	-2.52
11-Aug-17	48.82	48.52	48.98	47.98	804.24K	0.47
10-Aug-17	48.59	49.68	50.22	48.35	1.14M	-1.96
9-Aug-17	49.56	49	49.72	48.9	858.25K	0.79
8-Aug-17	49.17	49.31	49.79	48.86	924.24K	-0.45
7-Aug-17	49.39	49.59	49.73	48.54	831.37K	-0.38
4-Aug-17	49.58	48.95	49.64	48.5	745.66K	1.12
3-Aug-17	49.03	49.59	49.96	48.78	837.76K	-1.13
2-Aug-17	49.59	48.8	49.65	48.55	847.72K	0.87
1-Aug-17	49.16	50.21	50.43	48.37	1.01M	-2.01
31-Jul-17	50.17	49.85	50.41	49.18	781.54K	0.93
28-Jul-17	49.71	49.17	49.81	48.86	771.23K	1.37
27-Jul-17	49.04	48.7	49.24	48.25	880.76K	0.59
26-Jul-17	48.75	48.51	48.87	47.86	887.86K	1.8
25-Jul-17	47.89	46.46	48.66	46.38	885.70K	3.34
24-Jul-17	46.34	45.62	46.53	45.4	707.91K	1.25
21-Jul-17	45.77	46.91	47.21	45.54	769.44K	-2.18
20-Jul-17	46.79	47.09	47.55	46.66	23.24K	-0.7
19-Jul-17	47.12	46.25	47.26	46.14	140.68K	1.55
18-Jul-17	46.4	45.99	46.92	45.81	208.42K	0.83
17-Jul-17	46.02	46.68	46.88	45.89	560.63K	-1.12
14-Jul-17	46.54	46.08	46.74	45.8	742.90K	1
13-Jul-17	46.08	45.44	46.28	44.99	748.97K	1.3
12-Jul-17	45.49	45.74	46.48	45.11	963.51K	1
11-Jul-17	45.04	44.58	45.81	43.83	1.01M	1.44
10-Jul-17	44.4	44.35	44.84	43.65	848.57K	0.38
7-Jul-17	44.23	45.35	45.42	43.78	975.91K	-2.83
6-Jul-17	45.52	45.65	46.53	45.18	969.68K	0.86
5-Jul-17	45.13	47.04	47.32	44.51	1.17M	-4.24
4-Jul-17	47.13	47.06	47.31	46.74	0	0.13
3-Jul-17	47.07	46.28	47.1	45.92	517.62K	2.24
30-Jun-17	46.04	44.89	46.35	44.88	677.41K	2.47
29-Jun-17	44.93	44.89	45.45	44.65	768.95K	0.42
28-Jun-17	44.74	43.7	44.9	43.67	753.38K	1.13
27-Jun-17	44.24	43.49	44.44	43.32	759.12K	1.98
26-Jun-17	43.38	43.16	43.65	42.63	661.35K	0.86
23-Jun-17	43.01	42.8	43.2	42.53	690.91K	0.63
22-Jun-17	42.74	42.55	43.32	42.26	668.83K	0.49
21-Jun-17	42.53	43.38	44.2	42.05	1.07M	-1.62
20-Jun-17	43.23	44.11	44.4	42.75	29.57K	-2.19
19-Jun-17	44.2	44.68	45.06	44.05	123.94K	-1.21
16-Jun-17	44.74	44.25	44.94	44.24	191.82K	0.63
15-Jun-17	44.46	44.69	44.81	44.22	500.94K	-0.6
14-Jun-17	44.73	45.94	46.49	44.54	924.41K	-3.72
13-Jun-17	46.46	46.01	46.57	45.56	783.32K	0.82
12-Jun-17	46.08	45.8	46.71	45.66	666.77K	0.55
9-Jun-17	45.83	45.71	46.18	45.27	735.93K	0.42
8-Jun-17	45.64	45.85	46.18	45.2	927.70K	-0.17
7-Jun-17	45.72	47.98	48.23	45.65	1.18M	-5.13
6-Jun-17	48.19	47.4	48.4	46.94	825.06K	1.67
5-Jun-17	47.4	47.71	48.42	46.86	710.20K	-0.55
2-Jun-17	47.66	48.04	48.19	46.74	802.66K	-1.45
1-Jun-17	48.36	48.63	49.17	47.9	774.48K	0.08
31-May-17	48.32	49.65	49.71	47.73	779.14K	-2.7
30-May-17	49.66	49.93	50.28	49.03	663.49K	-0.62
29-May-17	49.97	49.95	50.29	49.52	0	0.06
28-May-17	49.94	49.93	50.04	49.85	0	0.28
26-May-17	49.8	48.75	49.94	48.18	763.92K	1.84
25-May-17	48.9	51.25	52	48.45	1.15M	-4.79
24-May-17	51.36	51.44	51.88	51.03	736.34K	-0.21
23-May-17	51.47	51.04	51.79	50.57	584.14K	1.46
22-May-17	50.73	50.6	51.06	50.44	30.01K	0.79
19-May-17	50.33	49.28	50.53	49.28	146.45K	1.99
18-May-17	49.35	48.93	49.6	48.05	242.75K	0.57
17-May-17	49.07	48.23	49.5	48.03	650.11K	0.84
16-May-17	48.66	48.82	49.38	48.17	589.21K	-0.39
15-May-17	48.85	47.85	49.66	47.75	687.15K	2.11
12-May-17	47.84	47.81	48.07	47.35	537.49K	0.02
11-May-17	47.83	47.39	48.22	47.34	661.78K	1.06
10-May-17	47.33	46.18	47.78	46.01	819.80K	3.16
9-May-17	45.88	46.49	46.78	45.53	701.94K	-1.18
8-May-17	46.43	46.35	46.98	45.73	785.06K	0.45
5-May-17	46.22	45.51	46.68	43.76	1.02M	1.54
4-May-17	45.52	47.6	47.75	45.29	943.96K	-4.81
3-May-17	47.82	48.12	48.23	47.3	691.32K	0.34
2-May-17	47.66	48.78	49.28	47.35	702.38K	-2.42
1-May-17	48.84	49.17	49.32	48.59	364.39K	-0.99
28-Apr-17	49.33	49.27	49.76	48.8	633.99K	0.74
27-Apr-17	48.97	49.22	49.43	48.2	771.19K	-1.31
26-Apr-17	49.62	49.36	50.2	48.94	655.72K	0.12
25-Apr-17	49.56	49.22	49.83	48.87	587.24K	0.67
24-Apr-17	49.23	49.68	50.22	49.03	517.90K	-0.79
21-Apr-17	49.62	50.71	50.93	49.2	687.47K	-1.29
20-Apr-17	50.27	50.63	50.97	50.18	33.75K	-0.34
19-Apr-17	50.44	52.36	52.65	50.09	133.17K	-3.76
18-Apr-17	52.41	52.75	52.85	52.1	202.04K	-0.46
17-Apr-17	52.65	52.97	53.21	52.55	326.34K	-1
13-Apr-17	53.18	52.85	53.39	52.82	480.84K	0.13
12-Apr-17	53.11	53.4	53.76	52.71	629.81K	-0.54
11-Apr-17	53.4	53.13	53.45	52.7	598.00K	0.6
10-Apr-17	53.08	52.31	53.18	52.29	565.44K	1.61
7-Apr-17	52.24	51.7	52.94	51.49	796.44K	1.04
6-Apr-17	51.7	50.8	51.82	50.77	473.02K	1.08
5-Apr-17	51.15	51.18	51.88	50.74	651.40K	0.24
4-Apr-17	51.03	50.24	51.3	49.88	532.05K	1.57
3-Apr-17	50.24	50.69	50.83	50.12	440.72K	-0.71
31-Mar-17	50.6	50.32	50.85	49.9	527.61K	0.5
30-Mar-17	50.35	49.6	50.47	49.27	580.67K	1.7
29-Mar-17	49.51	48.47	49.63	48.38	548.62K	2.36
28-Mar-17	48.37	47.89	48.74	47.8	502.38K	1.34
27-Mar-17	47.73	48.12	48.28	47.08	466.18K	-0.5
24-Mar-17	47.97	47.67	48.2	47.54	421.03K	0.57
23-Mar-17	47.7	48.15	48.48	47.58	499.88K	-0.71
22-Mar-17	48.04	48.16	48.32	47.01	680.85K	1.48
21-Mar-17	47.34	47.93	48.73	47.23	28.08K	-1.82
20-Mar-17	48.22	48.7	48.74	47.84	142.26K	-1.15
17-Mar-17	48.78	48.79	49.2	48.6	172.34K	0.06
16-Mar-17	48.75	49.01	49.62	48.45	516.85K	-0.23
15-Mar-17	48.86	48.76	49.04	48.16	655.79K	2.39
14-Mar-17	47.72	48.45	48.79	47.09	857.71K	-1.4
13-Mar-17	48.4	48.45	48.68	47.9	601.36K	-0.19
10-Mar-17	48.49	49.61	50.11	48.31	796.96K	-1.6
9-Mar-17	49.28	50.22	50.84	48.59	1.07M	-1.99
8-Mar-17	50.28	52.79	52.92	50.05	963.39K	-5.38
7-Mar-17	53.14	53.17	53.8	52.71	494.68K	-0.11
6-Mar-17	53.2	53.19	53.56	52.76	503.69K	-0.24
3-Mar-17	53.33	52.58	53.39	52.55	436.36K	1.37
2-Mar-17	52.61	53.69	53.8	52.54	638.39K	-2.27
1-Mar-17	53.83	53.95	54.44	53.63	491.29K	-0.33
28-Feb-17	54.01	54.04	54.23	53.18	593.91K	-0.07
27-Feb-17	54.05	54.02	54.61	53.94	394.38K	0.11
24-Feb-17	53.99	54.33	54.51	53.76	395.26K	-0.84
23-Feb-17	54.45	53.91	54.94	53.87	529.88K	1.6
22-Feb-17	53.59	54.26	54.6	53.35	499.48K	-0.87
21-Feb-17	54.06	53.48	54.68	53.35	44.05K	0.17
20-Feb-17	53.97	53.78	54.24	53.73	0	0.33
19-Feb-17	53.79	53.86	53.96	53.78	0	0.73
17-Feb-17	53.4	53.47	53.52	52.88	195.35K	0.07
16-Feb-17	53.36	53.01	53.59	52.68	343.36K	0.47
15-Feb-17	53.11	53	53.51	52.73	463.64K	-0.17
14-Feb-17	53.2	52.91	53.72	52.86	493.02K	0.51
13-Feb-17	52.93	53.8	53.95	52.77	586.03K	-1.73
10-Feb-17	53.86	53.15	54.13	52.9	596.45K	1.62
9-Feb-17	53	52.37	53.21	52.37	610.20K	1.26
8-Feb-17	52.34	51.64	52.67	51.22	767.38K	0.33
7-Feb-17	52.17	53.14	53.24	51.63	624.06K	-1.58
6-Feb-17	53.01	53.81	54.13	52.91	425.09K	-1.52
3-Feb-17	53.83	53.68	54.22	53.4	462.62K	0.54
2-Feb-17	53.54	53.57	54.34	53.35	492.55K	-0.63
1-Feb-17	53.88	52.76	53.91	52.64	577.24K	2.03
31-Jan-17	52.81	52.6	53.56	52.24	586.68K	0.34
30-Jan-17	52.63	53.15	53.46	52.41	486.31K	-1.02
27-Jan-17	53.17	53.74	54.08	52.58	495.56K	-1.13
26-Jan-17	53.78	52.96	54.06	52.79	578.07K	1.95
25-Jan-17	52.75	52.95	53.47	52.56	589.71K	-0.81
24-Jan-17	53.18	52.86	53.56	52.67	520.29K	0.82
23-Jan-17	52.75	53.33	53.47	52.21	455.33K	0.63
20-Jan-17	52.42	51.45	52.9	51.39	0	2.04
19-Jan-17	51.37	51.39	51.87	51.02	122.59K	0.57
18-Jan-17	51.08	52.52	52.79	50.91	236.24K	-2.67
17-Jan-17	52.48	52.55	53.52	52.12	606.02K	-0.08
16-Jan-17	52.52	52.46	52.72	52.13	0	0.13
15-Jan-17	52.45	52.53	52.56	52.39	0	0.15
13-Jan-17	52.37	53.05	53.17	52.27	477.99K	-1.21
12-Jan-17	53.01	52.37	53.5	52.12	660.70K	1.45
11-Jan-17	52.25	50.81	52.78	50.75	815.85K	2.81
10-Jan-17	50.82	51.83	52.37	50.71	632.57K	-2.19
9-Jan-17	51.96	53.75	53.83	51.76	564.89K	-3.76
6-Jan-17	53.99	53.73	54.32	53.32	528.33K	0.43
5-Jan-17	53.76	53.39	54.12	52.79	517.36K	0.94
4-Jan-17	53.26	52.49	53.43	52.15	512.64K	1.78
3-Jan-17	52.33	54.2	55.24	52.11	727.79K	-3.15
2-Jan-17	54.03	54.09	54.18	54.01	0	0.58
30-Dec-16	53.72	53.87	54.09	53.41	271.09K	-0.09
29-Dec-16	53.77	53.66	54.21	53.46	360.19K	-0.54
28-Dec-16	54.06	53.93	54.37	53.56	322.54K	0.3
27-Dec-16	53.9	53.29	54.1	53.03	277.31K	1.33
26-Dec-16	53.19	53.33	53.34	53.14	0	0.32
23-Dec-16	53.02	52.68	53.28	52.26	285.17K	0.13
22-Dec-16	52.95	52.52	53.19	52.08	393.49K	0.88
21-Dec-16	52.49	53.56	53.79	52.32	471.99K	0.5
20-Dec-16	52.23	52.11	52.7	51.85	26.17K	0.21
19-Dec-16	52.12	52.15	52.52	51.51	129.99K	0.42
16-Dec-16	51.9	51.1	52.08	50.5	252.57K	1.96
15-Dec-16	50.9	50.79	51.48	49.95	551.76K	-0.27
14-Dec-16	51.04	52.45	52.78	50.67	677.96K	-3.66
13-Dec-16	52.98	52.51	53.41	52.35	638.40K	0.28
12-Dec-16	52.83	52.58	54.51	52.18	847.03K	2.58
9-Dec-16	51.5	50.92	51.66	50.86	652.04K	1.3
8-Dec-16	50.84	49.88	50.98	49.61	780.06K	2.15
7-Dec-16	49.77	50.93	51.2	49.72	816.88K	-2.28
6-Dec-16	50.93	50.97	51.6	50.28	642.75K	-1.66
5-Dec-16	51.79	51.46	52.42	50.93	600.78K	0.21
2-Dec-16	51.68	51.01	51.73	50.18	667.10K	1.21
1-Dec-16	51.06	49.07	51.8	48.98	974.81K	3.28
30-Nov-16	49.44	45.24	49.9	45.22	1.31M	9.31
29-Nov-16	45.23	46.88	46.98	44.82	732.82K	-3.93
28-Nov-16	47.08	45.43	47.65	45.14	734.38K	2.21
25-Nov-16	46.06	47.97	48.26	45.88	465.98K	-4
24-Nov-16	47.98	48.03	48.26	47.8	0	0.04
23-Nov-16	47.96	47.94	48.43	47.4	556.86K	-0.15
22-Nov-16	48.03	48.37	49.2	47.17	826.21K	1.14
21-Nov-16	47.49	45.83	47.8	45.77	34.92K	3.94
18-Nov-16	45.69	44.93	45.77	44.55	155.65K	0.59
17-Nov-16	45.42	45.37	46.58	44.88	284.87K	-0.33
16-Nov-16	45.57	45.77	46.41	45.03	658.17K	-0.52
15-Nov-16	45.81	43.76	46.09	43.55	706.18K	5.75
14-Nov-16	43.32	43.2	43.81	42.2	704.77K	-0.21
11-Nov-16	43.41	44.35	44.63	43.03	631.14K	-2.8
10-Nov-16	44.66	45.31	45.64	44.25	686.34K	-1.35
9-Nov-16	45.27	44.82	45.95	43.07	946.51K	0.64
8-Nov-16	44.98	44.97	45.39	44.41	669.64K	0.2
7-Nov-16	44.89	44.45	45.01	44.11	605.73K	1.86
4-Nov-16	44.07	44.63	44.87	43.57	736.69K	-1.32
3-Nov-16	44.66	45.48	45.9	44.37	540.44K	-1.5
2-Nov-16	45.34	46.32	46.47	44.96	674.32K	-2.85
1-Nov-16	46.67	46.77	47.35	46.2	834.99K	-0.41
31-Oct-16	46.86	48.25	48.74	46.63	649.24K	-3.78
28-Oct-16	48.7	49.61	49.81	48.42	550.08K	-2.05
27-Oct-16	49.72	49.22	50.06	49	543.17K	1.1
26-Oct-16	49.18	49.31	50.1	48.87	679.32K	-1.56
25-Oct-16	49.96	50.49	50.93	49.27	553.78K	-1.11
24-Oct-16	50.52	50.85	50.98	49.62	623.40K	-0.65
21-Oct-16	50.85	50.66	51.02	50.21	551.30K	0.83
20-Oct-16	50.43	51.4	51.58	50.25	24.86K	-2.27
19-Oct-16	51.6	50.77	51.93	50.69	132.43K	2.6
18-Oct-16	50.29	50.04	50.78	49.76	192.80K	0.7
17-Oct-16	49.94	50.23	50.58	49.47	418.72K	-0.81
14-Oct-16	50.35	50.58	51.14	49.9	519.43K	-0.18
13-Oct-16	50.44	50	50.59	49.36	740.68K	0.52
12-Oct-16	50.18	50.84	51.17	49.89	533.88K	-1.2
11-Oct-16	50.79	51.1	51.54	50.39	765.61K	-1.09
10-Oct-16	51.35	49.57	51.6	49.15	686.07K	3.09
7-Oct-16	49.81	50.59	50.74	49.4	618.81K	-1.25
6-Oct-16	50.44	49.65	50.63	49.33	547.92K	1.22
5-Oct-16	49.83	49.26	49.97	49.1	520.07K	2.34
4-Oct-16	48.69	48.65	49.26	48.26	513.71K	-0.25
3-Oct-16	48.81	48.04	49.02	47.78	458.02K	1.18
30-Sep-16	48.24	47.76	48.3	47.04	496.52K	0.86
29-Sep-16	47.83	47.2	48.32	46.6	702.65K	1.66
28-Sep-16	47.05	44.96	47.45	44.35	1.01M	5.33
27-Sep-16	44.67	45.62	45.96	44.19	630.76K	-2.74
26-Sep-16	45.93	44.62	46.2	44.43	527.12K	3.26
23-Sep-16	44.48	46.07	46.55	44.22	718.40K	-3.97
22-Sep-16	46.32	45.62	46.52	45.52	521.68K	2.16
21-Sep-16	45.34	44.5	45.65	44.5	585.99K	4.37
20-Sep-16	43.44	43.13	44.05	42.55	37.38K	0.32
19-Sep-16	43.3	43.18	44.15	43.12	129.86K	0.63
16-Sep-16	43.03	43.71	43.75	42.74	231.19K	-2
15-Sep-16	43.91	43.7	44.34	43.26	537.19K	0.76
14-Sep-16	43.58	45	45.33	43.42	705.86K	-2.94
13-Sep-16	44.9	46.06	46.13	44.77	657.78K	-3
12-Sep-16	46.29	45.57	46.51	44.72	745.02K	0.89
9-Sep-16	45.88	47.36	47.36	45.56	688.19K	-3.65
8-Sep-16	47.62	46.12	47.75	45.77	761.94K	4.66
7-Sep-16	45.5	44.85	46.17	44.55	572.88K	1.49
6-Sep-16	44.83	44.15	46.53	43.84	932.15K	-0.53
5-Sep-16	45.07	44.12	46.53	44.07	0	2.18
4-Sep-16	44.11	44.15	44.38	44.1	0	-0.74
2-Sep-16	44.44	43.55	44.67	43.16	576.92K	2.97
1-Sep-16	43.16	44.85	45.08	43	605.00K	-3.45
31-Aug-16	44.7	46.24	46.41	44.51	549.01K	-3.56
30-Aug-16	46.35	46.98	47.49	46.21	464.45K	-1.34
29-Aug-16	46.98	47.22	47.28	46.62	309.25K	-1.39
26-Aug-16	47.64	47.37	48.46	46.94	558.34K	0.65
25-Aug-16	47.33	46.8	47.46	46.42	458.82K	1.2
24-Aug-16	46.77	47.59	47.74	46.45	603.50K	-2.77
23-Aug-16	48.1	47.39	48.32	46.59	623.90K	2.23
22-Aug-16	47.05	48.4	48.4	46.75	36.53K	-3.03
19-Aug-16	48.52	48.33	48.75	47.93	162.44K	0.62
18-Aug-16	48.22	46.9	48.38	46.63	229.28K	3.06
17-Aug-16	46.79	46.37	46.95	45.84	563.35K	0.45
16-Aug-16	46.58	45.59	46.73	45.34	550.44K	1.84
15-Aug-16	45.74	44.74	45.93	44.38	522.53K	2.81
12-Aug-16	44.49	43.46	44.78	43.31	536.08K	2.3
11-Aug-16	43.49	41.48	43.86	41.1	682.24K	4.27
10-Aug-16	41.71	42.74	43.39	41.42	676.15K	-2.48
9-Aug-16	42.77	42.83	43.52	42.47	624.70K	-0.58
8-Aug-16	43.02	41.99	43.39	41.81	562.53K	2.92
5-Aug-16	41.8	41.84	42.1	41.06	550.19K	-0.31
4-Aug-16	41.93	41.16	42.08	40.43	598.84K	2.69
3-Aug-16	40.83	39.7	41.2	39.19	655.19K	3.34
2-Aug-16	39.51	40.08	40.91	39.26	534.51K	-1.37
1-Aug-16	40.06	41.35	41.88	39.82	533.02K	-3.7
29-Jul-16	41.6	41.12	41.67	40.57	478.76K	1.12
28-Jul-16	41.14	41.93	42.22	41.04	447.91K	-1.86
27-Jul-16	41.92	42.66	43.2	41.68	537.39K	-2.33
26-Jul-16	42.92	43.07	43.39	42.36	461.32K	-0.49
25-Jul-16	43.13	44.2	44.37	42.97	389.84K	-2.4
22-Jul-16	44.19	44.6	44.97	43.74	428.41K	-1.25
21-Jul-16	44.75	45.65	46.09	44.52	432.97K	-0.42
20-Jul-16	44.94	44.59	45.25	43.69	29.39K	0.65
19-Jul-16	44.65	45.23	45.67	44.53	128.13K	-1.3
18-Jul-16	45.24	46.12	46.14	44.86	211.39K	-1.55
15-Jul-16	45.95	45.52	46.33	45.05	430.26K	0.59
14-Jul-16	45.68	45.14	45.8	44.95	573.76K	2.08
13-Jul-16	44.75	46.58	46.71	44.56	686.25K	-4.38
12-Jul-16	46.8	44.58	46.93	44.51	658.26K	4.56
11-Jul-16	44.76	45.07	45.77	44.42	533.66K	-1.43
8-Jul-16	45.41	45.19	45.97	44.77	583.08K	0.6
7-Jul-16	45.14	47.88	48.25	44.87	710.89K	-4.83
6-Jul-16	47.43	46.83	47.95	45.92	607.66K	1.78
5-Jul-16	46.6	49.11	49.35	46.33	609.19K	-4.21
4-Jul-16	48.65	49.01	49.35	48.54	0	-0.73
3-Jul-16	49.01	49.14	49.22	48.94	0	0.04
1-Jul-16	48.99	48.38	49.3	47.9	405.19K	1.37
30-Jun-16	48.33	49.55	49.62	48.17	508.74K	-3.11
29-Jun-16	49.88	48.06	50	47.98	511.48K	4.24
28-Jun-16	47.85	46.59	48.18	46.54	498.85K	3.28
27-Jun-16	46.33	47.81	47.96	45.83	504.61K	-2.75
24-Jun-16	47.64	50.3	50.45	46.7	649.45K	-4.93
23-Jun-16	50.11	49.08	50.23	49.08	401.89K	1.99
22-Jun-16	49.13	50.22	50.54	48.4	569.94K	0.57
21-Jun-16	48.85	49.14	49.32	48.16	30.11K	-1.05
20-Jun-16	49.37	48.29	49.42	48.14	98.29K	2.9
17-Jun-16	47.98	45.99	48.29	45.83	226.65K	3.83
16-Jun-16	46.21	47.45	47.75	45.91	507.91K	-3.75
15-Jun-16	48.01	47.9	48.72	47.28	527.87K	-0.99
14-Jun-16	48.49	48.52	48.69	47.84	456.14K	-0.8
13-Jun-16	48.88	48.85	49.28	48.16	506.04K	-0.39
10-Jun-16	49.07	50.47	50.73	48.8	596.12K	-2.95
9-Jun-16	50.56	51.45	51.67	50.23	560.72K	-1.31
8-Jun-16	51.23	50.41	51.62	50.32	656.42K	1.73
7-Jun-16	50.36	49.71	50.53	49.44	542.25K	1.35
6-Jun-16	49.69	48.88	49.9	48.71	450.47K	2.2
3-Jun-16	48.62	49.04	49.41	48.33	481.03K	-1.12
2-Jun-16	49.17	48.9	49.47	47.97	564.85K	0.33
1-Jun-16	49.01	48.82	49.25	47.75	568.84K	-0.18
31-May-16	49.1	49.54	50.1	48.81	476.99K	-0.83
30-May-16	49.51	49.56	49.75	49.08	0	-0.14
29-May-16	49.58	49.54	49.71	49.54	0	0.51
27-May-16	49.33	49.31	49.6	48.69	406.39K	-0.3
26-May-16	49.48	49.7	50.21	49.22	488.47K	-0.16
25-May-16	49.56	49.09	49.75	48.65	550.50K	1.93
24-May-16	48.62	48.08	49.27	47.64	475.97K	1.12
23-May-16	48.08	48.46	48.5	47.4	475.45K	0.69
20-May-16	47.75	48.2	48.79	47.44	28.52K	-0.85
19-May-16	48.16	47.87	48.28	46.73	108.82K	-0.06
18-May-16	48.19	48.53	48.95	47.75	343.18K	-0.25
17-May-16	48.31	47.9	48.76	47.53	470.44K	1.24
16-May-16	47.72	46.28	47.98	46.15	550.86K	3.27
13-May-16	46.21	46.41	46.49	45.75	519.36K	-1.05
12-May-16	46.7	46	47.02	45.61	715.10K	1.02
11-May-16	46.23	44.6	46.36	43.96	869.96K	3.52
10-May-16	44.66	43.25	44.79	43.03	709.42K	2.81
9-May-16	43.44	45	45.94	43.24	767.57K	-2.73
6-May-16	44.66	44.52	45.34	43.54	695.31K	0.77
5-May-16	44.32	44.04	46.07	43.96	746.16K	1.23
4-May-16	43.78	43.85	44.88	43.22	711.13K	0.3
3-May-16	43.65	44.92	45.35	43.32	625.55K	-2.52
2-May-16	44.78	45.9	46.15	44.54	464.03K	-2.48
29-Apr-16	45.92	45.9	46.78	45.24	598.44K	-0.24
28-Apr-16	46.03	45.3	46.14	44.94	487.41K	1.54
27-Apr-16	45.33	44.64	45.62	43.77	648.03K	2.93
26-Apr-16	44.04	42.96	44.83	42.5	564.39K	3.28
25-Apr-16	42.64	43.75	44.04	42.58	606.38K	-2.49
22-Apr-16	43.73	43.42	44.45	43.11	575.11K	1.27
21-Apr-16	43.18	43.97	44.49	43.05	671.10K	1.29
20-Apr-16	42.63	40.8	42.91	39.85	30.09K	3.77
19-Apr-16	41.08	40.04	41.53	39.58	101.73K	3.27
18-Apr-16	39.78	38.75	40.24	37.61	342.46K	-1.44
15-Apr-16	40.36	41.43	41.73	39.98	520.15K	-2.75
14-Apr-16	41.5	41.54	42.16	40.84	488.61K	-0.62
13-Apr-16	41.76	41.63	42.42	41.24	730.44K	-0.97
12-Apr-16	42.17	40.35	42.25	40.09	796.84K	4.48
11-Apr-16	40.36	39.72	40.75	39.25	679.35K	1.61
8-Apr-16	39.72	37.52	39.84	37.45	817.23K	6.6
7-Apr-16	37.26	37.76	38.3	36.69	626.75K	-1.3
6-Apr-16	37.75	36.52	37.9	36.43	751.05K	5.18
5-Apr-16	35.89	35.5	36.58	35.24	485.54K	0.53
4-Apr-16	35.7	36.61	37.21	35.46	549.48K	-2.96
1-Apr-16	36.79	38.14	38.56	36.63	547.19K	-4.04
31-Mar-16	38.34	38.3	39.04	37.57	532.15K	0.05
30-Mar-16	38.32	38.52	39.85	38.14	542.47K	0.1
29-Mar-16	38.28	39.32	39.48	37.91	488.03K	-2.82
28-Mar-16	39.39	39.55	40.14	38.86	299.78K	-0.18
24-Mar-16	39.46	39.73	39.77	38.33	495.17K	-0.83
23-Mar-16	39.79	41.19	41.34	39.67	492.00K	-4
22-Mar-16	41.45	41.59	41.9	40.77	463.69K	3.86
21-Mar-16	39.91	39.06	40.3	38.61	31.92K	1.19
18-Mar-16	39.44	40.25	41.2	39.15	130.15K	-1.89
17-Mar-16	40.2	38.59	40.36	38.47	298.01K	4.52
16-Mar-16	38.46	36.74	38.63	36.61	494.17K	5.83
15-Mar-16	36.34	37.37	37.4	35.96	446.10K	-2.26
14-Mar-16	37.18	38.17	38.77	36.68	489.94K	-3.43
11-Mar-16	38.5	37.99	39.02	37.92	564.79K	1.74
10-Mar-16	37.84	38.17	38.48	37.21	701.44K	-1.18
9-Mar-16	38.29	36.36	38.51	36.24	740.63K	4.9
8-Mar-16	36.5	37.94	38.39	36.12	706.93K	-3.69
7-Mar-16	37.9	36.2	38.11	36.09	709.87K	5.51
4-Mar-16	35.92	34.66	36.34	34.4	578.29K	3.91
3-Mar-16	34.57	34.73	35.32	34.19	512.96K	-0.26
2-Mar-16	34.66	33.89	35.17	33.55	597.83K	0.76
1-Mar-16	34.4	33.9	34.76	33.37	566.23K	1.93
29-Feb-16	33.75	32.72	33.98	32.32	512.47K	2.96
26-Feb-16	32.78	33.04	34.69	32.64	646.29K	-0.88
25-Feb-16	33.07	32.19	33.49	31.07	611.87K	2.86
24-Feb-16	32.15	31.28	32.4	30.56	652.25K	0.88
23-Feb-16	31.87	33.34	33.53	31.22	539.38K	1.24
22-Feb-16	31.48	29.72	32.05	29.48	26.32K	6.21
19-Feb-16	29.64	30.6	30.73	29.05	103.20K	-3.67
18-Feb-16	30.77	31.35	31.98	30.27	225.50K	0.36
17-Feb-16	30.66	29.14	31.49	28.73	578.64K	5.58
16-Feb-16	29.04	29.08	31.53	28.7	651.96K	-5.11
15-Feb-16	30.6	29.08	30.69	28.97	0	5.26
14-Feb-16	29.08	29.06	29.18	28.97	0	-1.24
12-Feb-16	29.44	27.3	29.66	26.95	675.16K	12.32
11-Feb-16	26.21	27.34	27.48	26.05	795.97K	-4.52
10-Feb-16	27.45	28.36	29.22	27.24	781.28K	-1.75
9-Feb-16	27.94	30.17	30.61	27.74	738.22K	-5.89
8-Feb-16	29.69	30.97	31.38	29.57	603.65K	-3.88
5-Feb-16	30.89	31.64	32.45	30.63	616.53K	-2.62
4-Feb-16	31.72	32.71	33.6	31.53	696.72K	-1.73
3-Feb-16	32.28	29.75	32.75	29.4	811.70K	8.03
2-Feb-16	29.88	31.37	31.53	29.57	602.56K	-5.5
1-Feb-16	31.62	33.83	34.18	31.29	595.61K	-5.95
29-Jan-16	33.62	33.7	34.4	32.65	618.11K	1.2
28-Jan-16	33.22	32.19	34.82	31.74	833.38K	2.85
27-Jan-16	32.3	30.55	32.84	30.14	738.55K	2.7
26-Jan-16	31.45	29.81	32.41	29.25	642.43K	3.66
25-Jan-16	30.34	32.05	32.74	29.68	606.89K	-5.75
22-Jan-16	32.19	29.84	32.35	29.53	636.57K	9.01
21-Jan-16	29.53	28.35	30.25	27.87	694.04K	11.22
20-Jan-16	26.55	28.33	28.58	26.19	32.11K	-6.71
19-Jan-16	28.46	29.2	30.21	28.21	188.03K	-5.21
18-Jan-16	30.02	29.76	30.88	29.67	0	0.94
17-Jan-16	29.75	30.68	30.68	29.36	0	1.1
15-Jan-16	29.42	31.18	31.18	29.13	329.09K	-5.71
14-Jan-16	31.2	30.6	31.77	30.28	537.91K	2.36
13-Jan-16	30.48	30.54	31.71	30.1	637.90K	0.13
12-Jan-16	30.44	31.11	32.21	29.93	627.22K	-3.09
11-Jan-16	31.41	32.94	33.2	30.88	648.64K	-5.28
8-Jan-16	33.16	33.3	34.34	32.64	596.50K	-0.33
7-Jan-16	33.27	34.09	34.26	32.1	617.41K	-2.06
6-Jan-16	33.97	36.18	36.39	33.77	563.81K	-5.56
5-Jan-16	35.97	36.9	37.1	35.74	410.13K	-2.15
4-Jan-16	36.76	37.6	38.39	36.33	431.99K	-0.76
31-Dec-15	37.04	36.81	37.79	36.22	283.62K	1.2
30-Dec-15	36.6	37.36	37.4	36.4	267.91K	-3.35
29-Dec-15	37.87	36.7	37.94	36.66	241.95K	2.88
28-Dec-15	36.81	38	38.09	36.6	220.64K	-3.39
24-Dec-15	38.1	37.86	38.28	37.38	205.87K	1.6
23-Dec-15	37.5	36.47	37.95	36.28	374.66K	3.76
22-Dec-15	36.14	35.8	36.54	35.66	302.26K	4.03
21-Dec-15	34.74	34.58	34.86	33.98	27.29K	0.03
18-Dec-15	34.73	34.87	35.57	34.29	116.04K	-0.63
17-Dec-15	34.95	35.8	35.84	34.63	196.23K	-1.6
16-Dec-15	35.52	36.79	37.35	35.29	402.97K	-4.9
15-Dec-15	37.35	36.32	37.88	36.03	474.16K	2.86
14-Dec-15	36.31	35.4	36.7	34.53	550.48K	1.94
11-Dec-15	35.62	36.63	36.84	35.16	505.41K	-3.1
10-Dec-15	36.76	37.27	37.54	36.38	513.94K	-1.08
9-Dec-15	37.16	37.86	38.99	36.87	646.17K	-0.93
8-Dec-15	37.51	37.68	38.58	36.64	767.18K	-0.37
7-Dec-15	37.65	40.1	40.15	37.5	635.41K	-5.8
4-Dec-15	39.97	41.31	42	39.6	510.76K	-2.7
3-Dec-15	41.08	40.15	41.78	40.07	496.88K	2.85
2-Dec-15	39.94	41.69	41.97	39.84	545.29K	-4.56
1-Dec-15	41.85	41.73	42.23	41.17	415.54K	0.48
30-Nov-15	41.65	41.77	42.61	41.5	369.51K	-0.14
27-Nov-15	41.71	43.25	43.3	41.67	316.48K	-2.07
26-Nov-15	42.59	43.08	43.29	42.3	0	-1.05
25-Nov-15	43.04	42.69	43.25	41.72	383.16K	0.4
24-Nov-15	42.87	42.04	43.46	41.86	430.30K	2.68
23-Nov-15	41.75	41.49	42.75	40.41	516.19K	3.37
20-Nov-15	40.39	40.54	40.99	38.99	33.71K	-0.37
19-Nov-15	40.54	40.72	41.05	39.89	131.36K	-0.52
18-Nov-15	40.75	41.11	41.55	39.91	251.52K	0.2
17-Nov-15	40.67	41.96	42.03	40.58	363.71K	-2.56
16-Nov-15	41.74	40.92	42.25	40.06	535.18K	2.45
13-Nov-15	40.74	41.61	42.21	40.22	480.89K	-2.42
12-Nov-15	41.75	43.05	43.33	41.54	545.35K	-2.75
11-Nov-15	42.93	43.63	44.11	42.62	502.37K	-2.9
10-Nov-15	44.21	44.1	44.76	43.57	445.97K	0.78
9-Nov-15	43.87	44.52	45.12	43.64	487.99K	-0.95
6-Nov-15	44.29	45.41	45.64	44.11	448.13K	-2.01
5-Nov-15	45.2	46.57	46.65	45.12	437.65K	-2.42
4-Nov-15	46.32	47.74	48.28	46.17	459.31K	-3.3
3-Nov-15	47.9	46.11	48.36	45.96	434.57K	3.81
2-Nov-15	46.14	46.43	46.73	45.56	305.52K	-0.97
30-Oct-15	46.59	45.74	47.03	45.48	363.31K	1.15
29-Oct-15	46.06	46.06	46.79	45.16	436.51K	0.26
28-Oct-15	45.94	43.44	46.22	43.06	521.52K	6.34
27-Oct-15	43.2	43.78	43.91	42.58	370.83K	-1.77
26-Oct-15	43.98	44.74	44.94	43.64	302.08K	-1.39
23-Oct-15	44.6	45.44	45.75	44.2	406.58K	-1.72
22-Oct-15	45.38	45.27	46.1	44.9	322.74K	0.4
21-Oct-15	45.2	45.88	46.08	44.86	384.29K	-0.77
20-Oct-15	45.55	46.25	46.52	45.23	38.95K	-0.74
19-Oct-15	45.89	47.27	47.49	45.85	125.84K	-2.9
16-Oct-15	47.26	46.87	47.5	46.16	198.13K	1.9
15-Oct-15	46.38	46.28	47.02	45.23	370.94K	-0.56
14-Oct-15	46.64	46.69	46.96	45.94	348.24K	-0.04
13-Oct-15	46.66	47.46	48.43	46.44	465.39K	-0.93
12-Oct-15	47.1	49.51	50.13	47.04	408.66K	-5.1
9-Oct-15	49.63	49.69	50.92	49.17	508.68K	0.4
8-Oct-15	49.43	48.11	50.07	47.76	509.76K	3.39
7-Oct-15	47.81	49	49.71	47.7	547.49K	-1.48
6-Oct-15	48.53	46.2	49.08	45.73	453.10K	4.91
5-Oct-15	46.26	45.65	46.94	45.21	323.06K	1.58
2-Oct-15	45.54	45.07	45.81	43.97	420.74K	1.79
1-Oct-15	44.74	45.38	47.1	44.63	478.98K	-0.78
30-Sep-15	45.09	44.92	45.85	44.68	355.85K	-0.31
29-Sep-15	45.23	44.5	45.7	44.3	265.18K	1.8
28-Sep-15	44.43	45.38	45.5	44.3	273.91K	-2.78
25-Sep-15	45.7	45.05	46.38	44.86	338.62K	1.76
24-Sep-15	44.91	44.62	45.18	43.71	371.98K	0.97
23-Sep-15	44.48	46.54	47.15	44.41	411.96K	-2.95
22-Sep-15	45.83	46.45	46.48	45.14	29.99K	-1.82
21-Sep-15	46.68	44.97	46.74	44.69	104.53K	4.48
18-Sep-15	44.68	46.89	47.03	44.24	211.30K	-4.73
17-Sep-15	46.9	47.13	47.71	46.33	366.39K	-0.53
16-Sep-15	47.15	45.16	47.35	44.82	421.98K	5.74
15-Sep-15	44.59	44.11	45.25	43.92	335.95K	1.34
14-Sep-15	44	44.78	44.97	43.59	326.27K	-1.41
11-Sep-15	44.63	45.71	45.88	44.16	395.84K	-2.81
10-Sep-15	45.92	44.16	46.04	43.36	498.99K	4.01
9-Sep-15	44.15	45.79	46.26	44.05	422.74K	-3.9
8-Sep-15	45.94	45.82	46.41	44.14	508.82K	2.77
7-Sep-15	44.7	45.72	45.92	44.15	0	-2.23
6-Sep-15	45.72	45.72	45.87	45.61	0	-0.72
4-Sep-15	46.05	46.68	47.23	45.61	385.63K	-1.5
3-Sep-15	46.75	46.11	48.42	45.65	539.45K	1.08
2-Sep-15	46.25	44.26	46.77	43.21	689.30K	1.85
1-Sep-15	45.41	48.1	48.87	44.15	713.42K	-7.7
31-Aug-15	49.2	45	49.33	43.6	757.50K	8.8
28-Aug-15	45.22	42.68	45.9	41.78	666.33K	6.25
27-Aug-15	42.56	38.96	42.86	38.95	533.68K	10.26
26-Aug-15	38.6	39.69	39.86	38.52	368.72K	-1.81
25-Aug-15	39.31	38.18	39.89	38.16	375.65K	2.8
24-Aug-15	38.24	40.3	40.47	37.75	468.37K	-5.46
21-Aug-15	40.45	41.03	41.4	39.86	377.18K	-1.68
20-Aug-15	41.14	40.58	41.48	40.21	24.78K	0.83
19-Aug-15	40.8	42.41	42.68	40.4	107.58K	-4.27
18-Aug-15	42.62	41.88	42.9	41.43	200.19K	1.79
17-Aug-15	41.87	42.18	42.69	41.64	314.28K	-1.48
14-Aug-15	42.5	42.23	42.96	41.35	317.21K	0.64
13-Aug-15	42.23	43.34	43.72	41.91	420.15K	-2.47
12-Aug-15	43.3	43.27	43.87	42.8	492.27K	0.51
11-Aug-15	43.08	44.81	45.34	42.69	538.01K	-4.18
10-Aug-15	44.96	43.58	45.01	43.35	491.43K	2.48
7-Aug-15	43.87	44.82	45.16	43.7	400.07K	-1.77
6-Aug-15	44.66	45.16	45.27	44.2	360.98K	-1.09
5-Aug-15	45.15	45.96	46.7	44.83	367.33K	-1.29
4-Aug-15	45.74	45.35	46.23	45.29	285.79K	1.26
3-Aug-15	45.17	46.86	46.94	45.08	371.09K	-4.14
31-Jul-15	47.12	48.47	48.62	46.7	334.47K	-2.89
30-Jul-15	48.52	48.83	49.36	48.34	247.66K	-0.55
29-Jul-15	48.79	47.81	49.52	47.39	366.89K	1.69
28-Jul-15	47.98	47.02	48.44	46.68	338.11K	1.24
27-Jul-15	47.39	48	48.2	46.91	273.61K	-1.56
24-Jul-15	48.14	48.79	49.03	47.72	278.23K	-0.64
23-Jul-15	48.45	49.23	49.63	48.21	316.06K	-1.5
22-Jul-15	49.19	50.71	50.71	49.04	347.99K	-2.32
21-Jul-15	50.36	49.95	51.02	49.77	23.13K	0.42
20-Jul-15	50.15	50.76	51.26	49.85	102.60K	-1.45
17-Jul-15	50.89	50.91	51.23	50.14	203.49K	-0.04
16-Jul-15	50.91	51.62	52.17	50.84	319.17K	-0.97
15-Jul-15	51.41	53.4	53.5	51.21	334.56K	-3.07
14-Jul-15	53.04	52	53.43	50.88	422.76K	1.61
13-Jul-15	52.2	52.15	53.17	51.26	359.48K	-1.02
10-Jul-15	52.74	52.48	53.89	51.96	349.08K	-0.08
9-Jul-15	52.78	51.83	53.54	51.48	382.33K	2.19
8-Jul-15	51.65	52.91	52.96	50.91	434.75K	-1.3
7-Jul-15	52.33	52.75	53.43	50.58	527.27K	-0.38
6-Jul-15	52.53	56.42	56.79	52.41	540.61K	-5.39
3-Jul-15	55.52	56.6	56.78	55.42	0	-2.48
2-Jul-15	56.93	56.87	57.95	56.5	297.05K	-0.05
1-Jul-15	56.96	58.98	58.98	56.68	373.41K	-4.22
30-Jun-15	59.47	58.27	59.69	57.94	282.48K	1.95
29-Jun-15	58.33	58.84	59.27	58.04	286.04K	-2.18
26-Jun-15	59.63	59.66	59.96	58.76	231.96K	-0.12
25-Jun-15	59.7	60.22	60.46	59.43	222.34K	-0.95
24-Jun-15	60.27	61.14	61.57	59.8	312.99K	-1.21
23-Jun-15	61.01	60.21	61.49	59.55	336.22K	2.23
22-Jun-15	59.68	59.44	60.3	58.93	26.74K	0.12
19-Jun-15	59.61	60.5	60.56	58.88	116.66K	-1.39
18-Jun-15	60.45	59.78	60.89	59.25	181.88K	0.88
17-Jun-15	59.92	60.03	61.38	58.85	396.16K	-0.08
16-Jun-15	59.97	59.6	60.37	59.42	233.94K	0.76
15-Jun-15	59.52	59.9	59.98	58.73	275.19K	-0.73
12-Jun-15	59.96	60.55	60.63	59.73	246.90K	-1.33
11-Jun-15	60.77	61.14	61.53	60.21	352.42K	-1.07
10-Jun-15	61.43	60.58	61.82	60.45	459.77K	2.14
9-Jun-15	60.14	58.31	60.68	58.23	405.49K	3.44
8-Jun-15	58.14	58.96	59.13	57.86	339.85K	-1.67
5-Jun-15	59.13	57.99	59.23	56.83	461.02K	1.95
4-Jun-15	58	59.57	59.94	57.83	363.35K	-2.75
3-Jun-15	59.64	61.02	61.43	59.34	371.30K	-2.64
2-Jun-15	61.26	60.18	61.58	60.09	344.51K	1.76
1-Jun-15	60.2	60.29	60.64	59.33	292.19K	-0.17
29-May-15	60.3	57.97	60.7	57.72	452.22K	4.54
28-May-15	57.68	57.63	58.07	56.51	340.68K	0.3
27-May-15	57.51	58.32	58.95	57.36	314.92K	-0.9
26-May-15	58.03	60.05	60.25	57.71	330.13K	-3.03
25-May-15	59.85	59.93	60.24	59.11	0	-0.12
24-May-15	59.92	60.01	60.01	59.78	0	0.33
22-May-15	59.72	60.66	60.8	59.35	230.31K	-1.65
21-May-15	60.72	58.81	60.94	58.69	329.77K	2.95
20-May-15	58.98	58.32	59.04	58.1	287.13K	3
19-May-15	57.26	59.54	59.63	57.09	30.30K	-3.65
18-May-15	59.43	59.85	60.88	59.06	144.39K	-0.44
15-May-15	59.69	59.67	59.97	58.42	222.09K	-0.32
14-May-15	59.88	60.1	60.84	59.36	361.43K	-1.02
13-May-15	60.5	61.23	61.85	60.02	426.84K	-0.41
12-May-15	60.75	59.27	61.36	59.12	397.35K	2.53
11-May-15	59.25	59.43	59.85	58.75	332.69K	-0.24
8-May-15	59.39	59.02	59.9	58.14	434.58K	0.76
7-May-15	58.94	60.69	61.31	58.49	437.02K	-3.27
6-May-15	60.93	60.72	62.58	60.54	423.58K	0.88
5-May-15	60.4	58.95	61.1	58.63	389.74K	2.49
4-May-15	58.93	59.3	59.73	58.45	215.05K	-0.37
1-May-15	59.15	59.79	59.9	58.32	244.75K	-0.8
30-Apr-15	59.63	58.55	59.85	58.38	340.32K	1.79
29-Apr-15	58.58	56.93	59.33	56.54	411.10K	2.66
28-Apr-15	57.06	56.65	57.83	56.07	281.86K	0.12
27-Apr-15	56.99	57.3	57.89	56.52	250.56K	-0.28
24-Apr-15	57.15	57.53	57.95	56.5	328.32K	-1.02
23-Apr-15	57.74	56.28	58.41	55.76	415.57K	2.81
22-Apr-15	56.16	56.34	57.19	55.73	329.63K	1.63
21-Apr-15	55.26	56.41	56.91	55.01	29.60K	-1.99
20-Apr-15	56.38	56.16	57.17	54.85	112.38K	1.15
17-Apr-15	55.74	56.56	56.88	55.31	230.62K	-1.71
16-Apr-15	56.71	55.92	57.42	55.07	413.13K	0.57
15-Apr-15	56.39	53.55	56.69	53.39	508.90K	5.82
14-Apr-15	53.29	52.05	53.79	51.83	431.03K	2.66
13-Apr-15	51.91	51.81	53.1	51.47	375.53K	0.52
10-Apr-15	51.64	50.73	51.93	50.08	395.14K	1.67
9-Apr-15	50.79	51	52.07	50.51	449.53K	0.73
8-Apr-15	50.42	53.18	53.23	50.37	552.63K	-6.6
7-Apr-15	53.98	51.95	54.13	51.17	548.87K	3.53
6-Apr-15	52.14	49.47	52.24	49.47	325.28K	6.11
3-Apr-15	49.14	49.14	49.14	49.14	0	0
2-Apr-15	49.14	49.59	50.27	48.11	453.39K	-1.9
1-Apr-15	50.09	47.55	50.45	47.05	451.10K	5.23
31-Mar-15	47.6	48.73	48.73	47.28	365.75K	-2.22
30-Mar-15	48.68	48.57	49.16	47.61	355.87K	-0.39
27-Mar-15	48.87	51.01	51.38	48.21	384.09K	-4.98
26-Mar-15	51.43	49.02	52.48	48.73	515.28K	4.51
25-Mar-15	49.21	47.72	49.46	47	398.80K	3.58
24-Mar-15	47.51	47.46	48.56	46.67	309.55K	0.13
23-Mar-15	47.45	46.41	47.61	45.33	292.42K	3.78
20-Mar-15	45.72	43.99	46.53	43.31	22.46K	4
19-Mar-15	43.96	44.6	44.71	42.75	106.91K	-1.57
18-Mar-15	44.66	42.51	45.34	42.03	220.64K	2.76
17-Mar-15	43.46	43.84	44.2	42.41	346.31K	-0.96
16-Mar-15	43.88	44.81	45	42.85	367.60K	-2.14
13-Mar-15	44.84	46.93	47.28	44.75	395.72K	-4.7
12-Mar-15	47.05	48.44	48.76	46.86	358.38K	-2.33
11-Mar-15	48.17	48.77	49.05	47.33	404.59K	-0.25
10-Mar-15	48.29	50.08	50.36	48.2	395.76K	-3.42
9-Mar-15	50	49.6	50.79	49.25	409.88K	0.79
6-Mar-15	49.61	50.89	51.22	48.88	406.84K	-2.27
5-Mar-15	50.76	51.62	52.4	50.61	370.95K	-1.49
4-Mar-15	51.53	50.61	51.99	49.6	463.99K	2
3-Mar-15	50.52	49.8	50.83	49.45	370.60K	1.88
2-Mar-15	49.59	49.45	51.04	48.71	427.18K	-0.34
27-Feb-15	49.76	48.97	49.94	48.46	399.49K	3.3
26-Feb-15	48.17	51	51.22	47.8	459.58K	-5.53
25-Feb-15	50.99	49.16	51.28	48.43	429.52K	3.47
24-Feb-15	49.28	49.42	50.33	48.68	293.10K	-0.34
23-Feb-15	49.45	50.75	50.99	48.67	475.38K	-1.77
20-Feb-15	50.34	51.24	51.85	49.91	30.66K	-1.6
19-Feb-15	51.16	50.55	52.14	49.15	125.21K	-1.88
18-Feb-15	52.14	53.24	53.41	50.32	257.48K	-2.6
17-Feb-15	53.53	52.75	54.15	50.81	518.80K	-0.15
16-Feb-15	53.61	54.04	54.08	52.92	0	-0.82
15-Feb-15	54.06	53.75	54.42	53.71	0	2.42
13-Feb-15	52.78	51.35	53.43	51.03	437.07K	3.07
12-Feb-15	51.21	49.42	51.6	49.14	563.66K	4.85
11-Feb-15	48.84	50.98	51.14	48.05	519.27K	-2.36
10-Feb-15	50.02	52.43	52.65	49.86	501.70K	-5.37
9-Feb-15	52.86	52.01	53.99	51.65	536.36K	2.26
6-Feb-15	51.69	50.86	53.16	50.72	584.98K	2.4
5-Feb-15	50.48	48.67	52.1	47.36	596.85K	4.19
4-Feb-15	48.45	51.67	52.56	47.95	577.52K	-8.67
3-Feb-15	53.05	49.79	54.24	49.69	644.92K	7.02
2-Feb-15	49.57	47.59	50.56	46.67	511.41K	2.76
30-Jan-15	48.24	44.63	48.35	44.31	454.14K	8.33
29-Jan-15	44.53	44.43	44.96	43.58	300.73K	0.18
28-Jan-15	44.45	45.83	45.83	44.08	365.44K	-3.85
27-Jan-15	46.23	45.13	46.55	44.81	313.14K	2.39
26-Jan-15	45.15	45.2	46.41	44.35	310.64K	-0.97
23-Jan-15	45.59	46.63	47.76	45.21	374.29K	-1.55
22-Jan-15	46.31	47.35	49.09	45.87	426.83K	-3.08
21-Jan-15	47.78	46.69	48.2	46.55	340.25K	3
20-Jan-15	46.39	48.69	48.77	45.89	49.74K	-2.91
19-Jan-15	47.78	48.84	49.19	47.64	0	-2.18
18-Jan-15	48.85	48.95	49.06	48.78	0	0.32
16-Jan-15	48.69	46.35	48.87	45.95	175.63K	5.28
15-Jan-15	46.25	48.6	51.27	46.07	478.34K	-4.6
14-Jan-15	48.48	46.16	48.91	45.01	510.25K	5.64
13-Jan-15	45.89	45.69	46.79	44.2	476.54K	-0.39
12-Jan-15	46.07	48.19	48.19	45.62	394.95K	-4.74
9-Jan-15	48.36	48.92	49.61	47.16	421.01K	-0.88
8-Jan-15	48.79	48.78	49.65	47.73	362.08K	0.29
7-Jan-15	48.65	48	49.31	46.83	460.08K	1.5
6-Jan-15	47.93	50	50.37	47.55	451.64K	-4.22
5-Jan-15	50.04	52.61	52.73	49.68	375.78K	-5.03
2-Jan-15	52.69	53.76	55.11	52.03	268.71K	-3.44
1-Jan-15	54.56	53.73	54.85	53.72	0	2.43
31-Dec-14	53.27	53.87	54.02	52.44	233.52K	-1.57
30-Dec-14	54.12	53.72	54.32	52.7	218.56K	0.95
29-Dec-14	53.61	55.05	55.74	52.9	241.38K	-2.05
26-Dec-14	54.73	55.86	56.59	54.51	127.20K	-2.13
25-Dec-14	55.92	55.87	56.05	55.73	0	0.14
24-Dec-14	55.84	56.8	57.15	55.07	174.97K	-2.24
23-Dec-14	57.12	55.39	57.56	55.06	274.00K	3.37
22-Dec-14	55.26	57.75	58.53	55.13	277.32K	-2.23
19-Dec-14	56.52	55.5	56.91	54.2	26.47K	4.45
18-Dec-14	54.11	55.83	58.73	54.05	106.32K	-4.18
17-Dec-14	56.47	55.5	58.98	54.21	351.98K	0.97
16-Dec-14	55.93	55.4	57.15	53.6	518.78K	0.04
15-Dec-14	55.91	57.07	58.73	55.02	424.95K	-3.29
12-Dec-14	57.81	59.17	59.57	57.34	414.22K	-3.57
11-Dec-14	59.95	61.12	61.68	58.96	392.49K	-1.62
10-Dec-14	60.94	63.33	63.43	60.43	456.17K	-4.51
9-Dec-14	63.82	63.01	64.2	62.25	322.80K	1.22
8-Dec-14	63.05	65.46	65.55	62.78	330.08K	-4.24
5-Dec-14	65.84	66.8	66.89	65.17	276.53K	-1.45
4-Dec-14	66.81	67.4	68.22	66.09	237.01K	-0.85
3-Dec-14	67.38	67.6	68.23	66.8	293.48K	0.75
2-Dec-14	66.88	69.24	69.32	66.67	360.30K	-3.07
1-Dec-14	69	66	69.54	63.72	504.12K	4.31
28-Nov-14	66.15	73.5	73.56	65.69	552.88K	-3.5
27-Nov-14	68.55	73.54	73.55	67.77	0	-6.98
26-Nov-14	73.69	73.87	74.48	73.3	258.38K	-0.54
25-Nov-14	74.09	75.51	76.58	73.71	294.45K	-2.23
24-Nov-14	75.78	76.62	77.02	75.45	194.75K	-0.95
21-Nov-14	76.51	76.29	77.83	75.62	275.32K	1.23
20-Nov-14	75.58	74.25	75.76	74.17	28.25K	1.34
19-Nov-14	74.58	74.23	75.4	73.88	116.28K	-0.04
18-Nov-14	74.61	75.49	76.44	74.12	186.21K	-1.36
17-Nov-14	75.64	75.93	76.18	74.71	279.46K	-0.24
14-Nov-14	75.82	74.36	76.3	73.25	355.25K	2.17
13-Nov-14	74.21	76.95	77.16	74.07	447.01K	-3.85
12-Nov-14	77.18	77.5	78.08	76.63	359.95K	-0.98
11-Nov-14	77.94	77.18	78.04	76.42	314.31K	0.7
10-Nov-14	77.4	78.5	79.85	77.13	319.49K	-1.59
7-Nov-14	78.65	77.86	79.41	77.47	306.08K	0.95
6-Nov-14	77.91	78.87	78.98	77.12	292.90K	-0.98
5-Nov-14	78.68	77.36	79.35	76.46	447.69K	1.93
4-Nov-14	77.19	78.22	78.41	75.84	432.76K	-2.02
3-Nov-14	78.78	80.59	80.98	78.08	386.05K	-2.19
31-Oct-14	80.54	81.04	81.27	79.55	294.18K	-0.71
30-Oct-14	81.12	81.93	82.09	80.72	270.07K	-1.31
29-Oct-14	82.2	81.55	82.88	81.44	283.76K	0.96
28-Oct-14	81.42	80.64	81.66	80.36	226.07K	0.52
27-Oct-14	81	81.27	81.29	79.44	285.33K	-0.01
24-Oct-14	81.01	81.95	81.95	80.36	272.51K	-1.32
23-Oct-14	82.09	80.42	82.37	80.05	354.84K	1.95
22-Oct-14	80.52	82.55	83.15	80.22	352.22K	-2.77
21-Oct-14	82.81	82.76	84.05	82.29	23.44K	0.12
20-Oct-14	82.71	83.13	83.48	81.55	83.70K	-0.05
17-Oct-14	82.75	83.18	84.45	82.44	174.14K	0.06
16-Oct-14	82.7	81.06	84.83	79.78	424.52K	1.12
15-Oct-14	81.78	82.32	82.45	80.01	487.72K	-0.07
14-Oct-14	81.84	84.98	85.6	81.32	475.83K	-4.55
13-Oct-14	85.74	85.2	85.87	84.07	292.35K	-0.09
10-Oct-14	85.82	84.39	86.29	83.59	396.53K	0.06
9-Oct-14	85.77	87.73	87.95	84.06	345.02K	-1.76
8-Oct-14	87.31	88.43	88.63	86.83	373.75K	-1.73
7-Oct-14	88.85	90.45	90.57	88.38	300.11K	-1.65
6-Oct-14	90.34	89.77	90.74	88.76	276.61K	0.67
3-Oct-14	89.74	91.38	91.79	89.36	342.80K	-1.4
2-Oct-14	91.01	90.74	91.54	88.18	449.55K	0.31
1-Oct-14	90.73	91.36	92.96	90.47	389.25K	-0.47
30-Sep-14	91.16	94.34	94.9	90.86	429.25K	-3.61
29-Sep-14	94.57	93.35	94.64	92.74	261.25K	1.1
26-Sep-14	93.54	92.47	93.86	92.23	258.89K	1.09
25-Sep-14	92.53	92.89	93.54	92.05	248.85K	-0.29
24-Sep-14	92.8	91.72	93.29	91.12	282.63K	1.35
23-Sep-14	91.56	90.7	92.09	90.58	247.77K	0.04
22-Sep-14	91.52	92.22	92.64	91.2	23.94K	-0.96
19-Sep-14	92.41	92.97	93.22	91.85	92.78K	-0.71
18-Sep-14	93.07	93.97	94.82	92.85	170.77K	-1.43
17-Sep-14	94.42	94.71	95.06	93.74	305.83K	-0.48
16-Sep-14	94.88	92.81	95.19	92.46	294.72K	2.11
15-Sep-14	92.92	92.13	93.03	90.63	260.51K	0.7
12-Sep-14	92.27	93.05	93.67	91.96	297.77K	-0.6
11-Sep-14	92.83	91.71	93.44	90.43	403.18K	1.27
10-Sep-14	91.67	92.79	93.03	91.22	295.31K	-1.16
9-Sep-14	92.75	93.11	93.94	92.52	275.88K	0.1
8-Sep-14	92.66	93.49	93.62	91.8	277.99K	-0.68
5-Sep-14	93.29	94.57	94.99	92.86	261.39K	-1.23
4-Sep-14	94.45	95.07	95.39	94.16	254.14K	-1.14
3-Sep-14	95.54	93.28	95.83	93.06	294.40K	2.86
2-Sep-14	92.88	95.81	95.91	92.68	320.36K	-3.08
1-Sep-14	95.83	95.76	95.9	95.51	0	-0.14
29-Aug-14	95.96	94.56	96	94.48	234.97K	1.49
28-Aug-14	94.55	93.75	94.71	93.45	262.29K	0.71
27-Aug-14	93.88	93.88	94.24	93.36	174.91K	0.02
26-Aug-14	93.86	93.36	94.35	93.35	176.28K	0.55
25-Aug-14	93.35	93.34	93.95	93.05	137.42K	-0.32
22-Aug-14	93.65	93.89	94.04	92.92	191.46K	-0.33
21-Aug-14	93.96	93.49	94.45	92.5	226.34K	-2.2
20-Aug-14	96.07	94.7	96.47	94.7	22.89K	1.68
19-Aug-14	94.48	96.56	97.05	94.26	109.04K	-2
18-Aug-14	96.41	97.1	97.16	95.81	157.54K	-0.97
15-Aug-14	97.35	95.5	97.41	95.32	269.75K	1.85
14-Aug-14	95.58	97.3	97.59	95.26	350.62K	-2.06
13-Aug-14	97.59	97.2	97.78	96.75	253.70K	0.23
12-Aug-14	97.37	97.84	97.94	96.81	242.59K	-0.72
11-Aug-14	98.08	97.54	98.58	97.37	241.49K	0.44
8-Aug-14	97.65	97.64	98.45	97.15	266.01K	0.32
7-Aug-14	97.34	96.89	97.72	96.55	286.53K	0.43
6-Aug-14	96.92	97.62	98.13	96.69	263.60K	-0.47
5-Aug-14	97.38	98.41	98.67	97	242.24K	-0.93
4-Aug-14	98.29	97.67	98.67	97.43	204.26K	0.42
1-Aug-14	97.88	97.7	98.1	97.09	274.99K	-0.3
31-Jul-14	98.17	99.47	99.85	97.6	335.79K	-2.09
30-Jul-14	100.27	101.03	101.67	99.42	263.97K	-0.69
29-Jul-14	100.97	101.6	101.83	100.37	258.06K	-0.69
28-Jul-14	101.67	101.87	102.1	100.9	197.82K	-0.41
25-Jul-14	102.09	102.04	102.53	101	284.92K	0.02
24-Jul-14	102.07	103.2	103.31	101.88	194.40K	-1.02
23-Jul-14	103.12	101.96	103.34	101.79	260.65K	-1.24
22-Jul-14	104.42	104.58	105.25	103.89	43.19K	-0.16
21-Jul-14	104.59	102.97	104.99	102.65	126.99K	1.42
18-Jul-14	103.13	103.72	103.94	102.58	172.53K	-0.06
17-Jul-14	103.19	101.49	103.9	101.27	342.87K	1.97
16-Jul-14	101.2	100.21	101.6	100.07	240.20K	1.24
15-Jul-14	99.96	100.93	101.06	99.01	331.20K	-0.94
14-Jul-14	100.91	100.46	101.2	100.22	252.68K	0.08
11-Jul-14	100.83	102.86	102.92	100.44	272.55K	-2.04
10-Jul-14	102.93	101.95	103	101.55	238.08K	0.63
9-Jul-14	102.29	103.45	103.6	101.85	250.99K	-1.07
8-Jul-14	103.4	103.39	104.2	103.01	249.38K	-0.13
7-Jul-14	103.53	104.06	104.09	103.19	189.25K	-0.22
4-Jul-14	103.76	104.11	104.13	103.64	0	-0.29
3-Jul-14	104.06	104.27	104.29	103.67	169.94K	-0.4
2-Jul-14	104.48	105.21	105.53	104.1	240.07K	-0.82
1-Jul-14	105.34	105.44	106.09	104.6	221.69K	-0.03
30-Jun-14	105.37	105.69	105.76	104.66	215.33K	-0.35
27-Jun-14	105.74	105.64	106.19	105.33	128.98K	-0.09
26-Jun-14	105.84	106.71	106.81	105.03	195.72K	-0.62
25-Jun-14	106.5	106.14	107.5	105.47	249.06K	0.44
24-Jun-14	106.03	106.02	106.46	105.25	175.21K	-0.13
23-Jun-14	106.17	107.42	107.45	105.91	175.47K	-1.02
20-Jun-14	107.26	106.6	107.73	106.33	31.67K	0.78
19-Jun-14	106.43	106.11	106.7	105.32	123.12K	0.43
18-Jun-14	105.97	106.6	106.97	105.8	176.26K	-0.37
17-Jun-14	106.36	106.59	107.18	106.01	252.97K	-0.51
16-Jun-14	106.9	106.88	107.54	106.57	204.79K	-0.01
13-Jun-14	106.91	106.84	107.68	106.37	255.39K	0.36
12-Jun-14	106.53	104.47	106.95	104.35	321.50K	2.04
11-Jun-14	104.4	104.3	104.81	104.17	187.73K	0.05
10-Jun-14	104.35	104.46	105.06	103.98	255.60K	-0.06
9-Jun-14	104.41	102.78	104.57	102.62	246.72K	1.7
6-Jun-14	102.66	102.44	103.07	102.3	197.76K	0.18
5-Jun-14	102.48	102.37	102.69	101.6	200.40K	-0.16
4-Jun-14	102.64	102.79	103.69	102.34	208.54K	-0.02
3-Jun-14	102.66	102.44	102.86	102.23	160.21K	0.19
2-Jun-14	102.47	102.92	103.35	102.1	159.04K	-0.23
30-May-14	102.71	103.51	103.56	102.4	169.73K	-0.84
29-May-14	103.58	103.06	103.94	102.61	205.51K	0.84
28-May-14	102.72	104.14	104.39	102.64	239.13K	-1.34
27-May-14	104.11	104.34	104.5	103.57	174.39K	-0.16
26-May-14	104.28	104.2	104.38	103.93	0	-0.07
23-May-14	104.35	103.71	104.5	103.64	160.56K	0.59
22-May-14	103.74	103.85	104.22	103.55	159.18K	-0.32
21-May-14	104.07	102.96	104.29	102.78	272.13K	1.59
20-May-14	102.44	102.6	102.86	102.1	48.32K	-0.17
19-May-14	102.61	102.13	103.09	101.97	121.11K	0.58
16-May-14	102.02	101.56	102.23	101.39	147.90K	0.51
15-May-14	101.5	102.03	102.26	101.27	276.06K	-0.85
14-May-14	102.37	101.91	102.65	101.83	234.48K	0.66
13-May-14	101.7	100.63	102.05	100.36	253.59K	1.1
12-May-14	100.59	100.12	100.93	99.93	211.65K	0.6
9-May-14	99.99	100.27	101.18	99.71	271.34K	-0.27
8-May-14	100.26	100.82	100.93	99.87	252.61K	-0.51
7-May-14	100.77	99.83	100.99	99.78	291.27K	1.28
6-May-14	99.5	99.38	100.42	99.32	251.21K	0.02
5-May-14	99.48	99.96	100.44	98.91	190.00K	-0.28
2-May-14	99.76	99.17	100.14	99.17	213.63K	0.34
1-May-14	99.42	99.72	99.89	98.74	235.46K	-0.32
30-Apr-14	99.74	100.76	100.76	99.35	282.98K	-1.52
29-Apr-14	101.28	100.89	102.2	100.71	218.69K	0.44
28-Apr-14	100.84	100.49	101.52	100.33	231.59K	0.24
25-Apr-14	100.6	101.93	102.05	100.48	221.60K	-1.31
24-Apr-14	101.94	101.54	102.35	101.4	202.28K	0.49
23-Apr-14	101.44	101.86	102.08	101.2	250.65K	-0.68
22-Apr-14	102.13	104.36	104.36	101.69	46.49K	-2.15
21-Apr-14	104.37	104.54	104.77	103.85	115.10K	0.07
17-Apr-14	104.3	103.84	104.78	103.54	191.34K	0.52
16-Apr-14	103.76	103.76	104.99	103.12	279.39K	0.01
15-Apr-14	103.75	103.6	104.05	102.91	215.85K	-0.29
14-Apr-14	104.05	103.56	104.55	103.34	237.21K	0.3
11-Apr-14	103.74	103.34	104.44	103.01	261.92K	0.33
10-Apr-14	103.4	103.44	103.81	103.1	222.17K	-0.19
9-Apr-14	103.6	102.35	103.77	102.03	324.66K	1.01
8-Apr-14	102.56	100.69	102.71	100.68	299.55K	2.11
7-Apr-14	100.44	100.91	101.32	99.92	254.88K	-0.69
4-Apr-14	101.14	100.38	101.63	100.28	193.53K	0.85
3-Apr-14	100.29	99.29	100.49	99.07	195.43K	0.67
2-Apr-14	99.62	99.64	99.83	98.86	231.60K	-0.12
1-Apr-14	99.74	101.53	101.57	99.28	237.56K	-1.81
31-Mar-14	101.58	101.69	101.97	100.88	167.57K	-0.09
28-Mar-14	101.67	101.34	102.24	101.18	166.33K	0.39
27-Mar-14	101.28	100.3	101.7	100.03	202.20K	1.02
26-Mar-14	100.26	99.18	100.46	99.1	211.37K	1.08
25-Mar-14	99.19	99.43	100.25	98.8	217.01K	-0.41
24-Mar-14	99.6	99.49	100.29	99.05	151.71K	0.14
21-Mar-14	99.46	98.59	100.25	98.25	191.29K	0.03
20-Mar-14	99.43	100.39	100.82	99.08	33.88K	-0.94
19-Mar-14	100.37	99.53	100.47	99.34	110.32K	0.67
18-Mar-14	99.7	97.97	99.78	97.75	192.51K	1.65
17-Mar-14	98.08	99.39	99.39	97.37	227.39K	-0.82
14-Mar-14	98.89	98.25	99.28	98.06	226.30K	0.7
13-Mar-14	98.2	98.1	98.6	97.67	268.07K	0.21
12-Mar-14	97.99	99.48	99.6	97.55	416.93K	-2.04
11-Mar-14	100.03	100.94	101.52	99.32	294.20K	-1.08
10-Mar-14	101.12	102.75	102.82	100.85	225.29K	-1.42
7-Mar-14	102.58	101.97	102.91	101.57	226.15K	1
6-Mar-14	101.56	101.04	102.08	100.13	291.85K	0.11
5-Mar-14	101.45	103.35	103.53	100.85	267.84K	-1.82
4-Mar-14	103.33	104.89	104.96	102.85	210.01K	-1.52
3-Mar-14	104.92	103	105.22	102.95	295.82K	2.27
28-Feb-14	102.59	102.15	102.96	101.8	178.28K	0.19
27-Feb-14	102.4	102.57	103.08	101.75	196.49K	-0.19
26-Feb-14	102.59	102.04	102.9	101.58	196.52K	0.75
25-Feb-14	101.83	102.8	102.84	101.02	187.22K	-0.96
24-Feb-14	102.82	102.29	103.45	101.97	177.86K	0.61
21-Feb-14	102.2	102.87	102.92	101.69	173.26K	-0.7
20-Feb-14	102.92	103.41	103.5	102.75	36.26K	-0.38
19-Feb-14	103.31	103.14	103.8	102.4	116.16K	0.86
18-Feb-14	102.43	100.32	103.25	100.23	177.37K	1.83
17-Feb-14	100.58	100.59	100.83	100.23	0	0.28
14-Feb-14	100.3	100.34	100.47	99.43	229.78K	-0.05
13-Feb-14	100.35	100.27	100.66	99.4	221.72K	-0.02
12-Feb-14	100.37	100.46	101.38	100.04	318.69K	0.43
11-Feb-14	99.94	99.97	100.6	99.6	233.93K	-0.12
10-Feb-14	100.06	100.05	100.55	99.11	251.13K	0.18
7-Feb-14	99.88	97.97	100.24	97.11	270.41K	2.09
6-Feb-14	97.84	97.25	98.83	97.25	234.28K	0.47
5-Feb-14	97.38	97.67	98.26	96.8	237.67K	0.2
4-Feb-14	97.19	96.53	97.82	96.37	204.28K	0.79
3-Feb-14	96.43	97.4	97.94	96.26	293.31K	-1.09
31-Jan-14	97.49	97.97	98.39	97.1	253.46K	-0.75
30-Jan-14	98.23	97.42	98.59	97.33	199.42K	0.89
29-Jan-14	97.36	97.17	97.75	96.32	200.49K	-0.05
28-Jan-14	97.41	95.66	97.66	95.63	206.49K	1.77
27-Jan-14	95.72	96.9	97.18	95.21	235.11K	-0.95
24-Jan-14	96.64	97.37	97.8	96.25	239.67K	-0.7
23-Jan-14	97.32	96.69	97.84	96.41	274.08K	0.61
22-Jan-14	96.73	95.2	96.89	95.12	252.35K	1.83
21-Jan-14	94.99	94	95.23	93.43	35.63K	1.12
20-Jan-14	93.93	94.31	94.31	93.66	0	-0.46
17-Jan-14	94.37	94.17	94.94	93.94	119.89K	0.44
16-Jan-14	93.96	94.29	94.64	93.6	165.14K	-0.22
15-Jan-14	94.17	92.65	94.64	92.43	263.30K	1.71
14-Jan-14	92.59	91.51	92.88	91.5	243.47K	0.86
13-Jan-14	91.8	92.83	92.88	91.43	212.21K	-0.99
10-Jan-14	92.72	92.3	93.38	91.99	255.99K	1.16
9-Jan-14	91.66	92.58	92.93	91.24	255.78K	-0.73
8-Jan-14	92.33	93.96	94.18	92.26	244.86K	-1.43
7-Jan-14	93.67	93.6	94.22	93.35	177.18K	0.26
6-Jan-14	93.43	94.18	94.59	93.2	189.38K	-0.56
3-Jan-14	93.96	95.47	95.74	93.86	215.52K	-1.55
2-Jan-14	95.44	98.5	98.97	95.34	251.25K	-3.3
1-Jan-14	98.7	98.61	98.76	98.54	0	0.28
31-Dec-13	98.42	99.25	99.39	98.15	113.91K	-0.88
30-Dec-13	99.29	100.15	100.42	99.13	118.36K	-1.03
27-Dec-13	100.32	99.63	100.75	99.37	127.20K	0.77
26-Dec-13	99.55	99.2	99.7	99.05	65.67K	0.33
24-Dec-13	99.22	98.62	99.3	98.53	51.88K	0.31
23-Dec-13	98.91	99.2	99.31	98.64	107.27K	-0.41
20-Dec-13	99.32	98.7	99.4	98.54	151.28K	0.56
19-Dec-13	98.77	97.69	99.17	97.5	23.58K	0.99
18-Dec-13	97.8	97.3	98.01	97.02	84.63K	0.6
17-Dec-13	97.22	97.3	97.9	97	120.13K	-0.27
16-Dec-13	97.48	96.55	97.69	96.21	187.59K	0.91
13-Dec-13	96.6	97.58	97.62	96.26	233.16K	-0.92
12-Dec-13	97.5	97.55	98.18	97.31	205.75K	0.06
11-Dec-13	97.44	98.65	98.75	97.2	274.19K	-1.09
10-Dec-13	98.51	97.25	98.74	97.24	264.84K	1.2
9-Dec-13	97.34	97.66	97.97	97.1	210.09K	-0.32
6-Dec-13	97.65	97.38	98.07	97.08	223.94K	0.28
5-Dec-13	97.38	97.33	97.99	97.01	216.39K	0.19
4-Dec-13	97.2	96.9	97.58	96.3	325.86K	1.21
3-Dec-13	96.04	93.86	96.96	93.67	319.27K	2.37
2-Dec-13	93.82	92.71	94.08	92.56	234.80K	1.19
29-Nov-13	92.72	92.33	93.9	92.06	143.21K	0.48
28-Nov-13	92.28	92.19	92.36	92.08	0	-0.03
27-Nov-13	92.3	93.5	93.6	91.77	230.88K	-1.47
26-Nov-13	93.68	94.21	94.69	93.43	160.18K	-0.44
25-Nov-13	94.09	94.15	94.5	93.08	270.86K	-0.79
22-Nov-13	94.84	95.29	95.57	94.05	257.84K	-0.63
21-Nov-13	95.44	93.73	95.63	93.47	222.14K	2.26
20-Nov-13	93.33	93.33	93.93	92.73	27.44K	-0.01
19-Nov-13	93.34	93	93.46	92.43	131.46K	0.33
18-Nov-13	93.03	93.78	94.3	92.72	169.44K	-0.86
15-Nov-13	93.84	93.89	94.55	93.58	204.37K	0.09
14-Nov-13	93.76	93.5	94.43	92.51	315.07K	-0.13
13-Nov-13	93.88	93.07	94.54	92.93	305.01K	0.9
12-Nov-13	93.04	95	95.22	92.86	353.69K	-2.21
11-Nov-13	95.14	94.45	95.38	94.11	206.72K	0.57
8-Nov-13	94.6	94.36	94.92	93.9	241.69K	0.42
7-Nov-13	94.2	94.91	95.31	93.8	260.60K	-0.63
6-Nov-13	94.8	93.74	95.4	93.65	282.72K	1.53
5-Nov-13	93.37	94.47	94.9	93.07	226.45K	-1.32
4-Nov-13	94.62	94.52	95.11	94.06	219.11K	0.01
1-Nov-13	94.61	96.32	96.65	94.36	282.14K	-1.84
31-Oct-13	96.38	96.62	97.03	96.03	255.40K	-0.4
30-Oct-13	96.77	97.77	97.82	96.55	268.14K	-1.46
29-Oct-13	98.2	98.54	98.57	97.69	183.24K	-0.49
28-Oct-13	98.68	97.88	98.82	97.37	230.16K	0.85
25-Oct-13	97.85	97.19	98.06	96.99	192.63K	0.76
24-Oct-13	97.11	97.1	97.69	95.95	248.74K	0.26
23-Oct-13	96.86	98.12	98.29	96.16	356.19K	-0.96
22-Oct-13	97.8	99.06	99.77	97.5	30.73K	-1.43
21-Oct-13	99.22	100.63	100.95	98.98	90.82K	-1.58
18-Oct-13	100.81	100.72	101.71	100.51	116.68K	0.14
17-Oct-13	100.67	102.13	102.32	100.03	266.63K	-1.58
16-Oct-13	102.29	100.88	102.97	100.75	235.24K	1.07
15-Oct-13	101.21	102.19	102.46	100.87	240.22K	-1.17
14-Oct-13	102.41	101.37	102.62	101.06	170.67K	0.38
11-Oct-13	102.02	102.94	102.95	100.6	298.22K	-0.96
10-Oct-13	103.01	101.46	103.57	101.16	296.86K	1.38
9-Oct-13	101.61	103.49	103.75	101.18	283.13K	-1.82
8-Oct-13	103.49	103.16	104.08	102.85	194.20K	0.45
7-Oct-13	103.03	103.45	103.74	101.86	269.03K	-0.78
4-Oct-13	103.84	102.92	104.19	102.9	165.20K	0.51
3-Oct-13	103.31	103.82	104.38	102.87	226.23K	-0.76
2-Oct-13	104.1	101.62	104.23	101.43	300.53K	2.02
1-Oct-13	102.04	102.31	102.58	101.06	223.03K	-0.28
30-Sep-13	102.33	102.46	102.76	101.05	226.71K	-0.52
27-Sep-13	102.87	102.91	103.77	102.36	232.30K	-0.16
26-Sep-13	103.03	102.3	103.29	102.2	183.78K	0.36
25-Sep-13	102.66	103.41	103.96	102.2	236.20K	-0.46
24-Sep-13	103.13	103.44	103.64	102.3	259.54K	-0.44
23-Sep-13	103.59	104.89	105.12	103.12	223.39K	-1.04
20-Sep-13	104.68	106.37	106.46	104.32	39.27K	-1.61
19-Sep-13	106.39	108.22	108.99	106.08	139.84K	-1.55
18-Sep-13	108.07	105.53	108.49	105.32	199.89K	2.51
17-Sep-13	105.42	106.22	106.43	104.94	304.85K	-1.1
16-Sep-13	106.59	107.5	108	106.06	282.89K	-1.5
13-Sep-13	108.21	108.64	108.74	107.23	207.04K	-0.36
12-Sep-13	108.6	107.77	109.16	107.3	249.78K	0.97
11-Sep-13	107.56	107.36	108.09	106.53	238.24K	0.16
10-Sep-13	107.39	108.92	108.95	106.39	325.31K	-1.94
9-Sep-13	109.52	110.28	110.46	108.76	266.92K	-0.91
6-Sep-13	110.53	108.52	110.7	108.12	269.87K	1.99
5-Sep-13	108.37	107.59	108.54	107.13	184.89K	1.06
4-Sep-13	107.23	108.44	108.61	106.77	224.38K	-1.21
3-Sep-13	108.54	107.07	108.83	104.21	288.02K	1.68
2-Sep-13	106.75	105.91	107.29	105.86	0	-0.84
30-Aug-13	107.65	108.17	108.75	106.75	239.63K	-1.06
29-Aug-13	108.8	109.53	110.07	107.72	250.04K	-1.18
28-Aug-13	110.1	109.22	112.24	109.11	336.17K	1
27-Aug-13	109.01	106.14	109.32	105.88	295.93K	2.92
26-Aug-13	105.92	106.91	107.37	105.56	166.00K	-0.47
23-Aug-13	106.42	105.22	106.94	104.3	259.55K	1.32
22-Aug-13	105.03	103.86	105.25	103.53	204.69K	1.14
21-Aug-13	103.85	105.18	105.35	103.5	259.24K	-1.07
20-Aug-13	104.97	106.93	107.1	104.5	39.88K	-1.99
19-Aug-13	107.1	107.78	107.8	106.56	102.78K	-0.34
16-Aug-13	107.46	107.18	108.17	106.56	179.86K	0.12
15-Aug-13	107.33	106.98	107.87	106.6	251.87K	0.45
14-Aug-13	106.85	106.54	107.06	105.6	270.92K	0.02
13-Aug-13	106.83	106.15	107.2	105.56	276.77K	0.68
12-Aug-13	106.11	105.84	106.46	105.03	257.14K	0.13
9-Aug-13	105.97	103.87	106.24	103.62	303.80K	2.49
8-Aug-13	103.4	104.18	104.96	102.22	320.07K	-0.93
7-Aug-13	104.37	105.68	105.77	104.1	294.24K	-0.88
6-Aug-13	105.3	106.48	107.27	104.86	273.00K	-1.18
5-Aug-13	106.56	106.84	107.69	105.7	204.86K	-0.36
2-Aug-13	106.94	107.8	108.82	106.45	249.31K	-0.88
1-Aug-13	107.89	105.26	108.06	105.1	267.59K	2.72
31-Jul-13	105.03	103.15	105.43	102.93	299.13K	1.89
30-Jul-13	103.08	104.52	104.54	102.67	235.61K	-1.41
29-Jul-13	104.55	104.61	105.37	103.87	206.33K	-0.14
26-Jul-13	104.7	105.56	105.63	103.9	208.86K	-0.75
25-Jul-13	105.49	105.37	105.87	104.08	270.58K	0.09
24-Jul-13	105.39	107.36	107.52	104.79	278.26K	-1.72
23-Jul-13	107.23	107	107.55	105.46	241.64K	0.3
22-Jul-13	106.91	108.34	108.79	106.43	29.38K	-1.06
19-Jul-13	108.05	108.12	109.32	107.48	112.37K	0.01
18-Jul-13	108.04	106.56	108.43	106.15	155.96K	1.47
17-Jul-13	106.48	105.78	106.6	105.11	262.79K	0.45
16-Jul-13	106	106.44	107.18	105.66	250.92K	-0.3
15-Jul-13	106.32	106.05	106.63	104.65	210.81K	0.35
12-Jul-13	105.95	104.58	106.33	104.36	234.76K	0.99
11-Jul-13	104.91	106.15	107.45	104.31	316.73K	-1.51
10-Jul-13	106.52	104.57	106.66	104.21	404.82K	2.89
9-Jul-13	103.53	103	104.76	102.31	285.67K	0.38
8-Jul-13	103.14	103.95	104.12	102.13	253.20K	-0.08
5-Jul-13	103.22	101.09	103.68	100.71	256.03K	1.79
4-Jul-13	101.4	101.27	101.57	100.71	0	0.16
3-Jul-13	101.24	99.61	102.18	99.59	353.25K	1.65
2-Jul-13	99.6	98.06	99.87	97.78	285.78K	1.64
1-Jul-13	97.99	96.58	98.28	96.07	229.19K	1.48
28-Jun-13	96.56	96.81	97.82	96.33	247.61K	-0.5
27-Jun-13	97.05	95.52	97.41	95.35	269.31K	1.62
26-Jun-13	95.5	95.17	95.7	93.68	291.42K	0.19
25-Jun-13	95.32	95.02	96.17	94.59	267.54K	0.15
24-Jun-13	95.18	93.85	95.59	92.67	315.82K	1.59
21-Jun-13	93.69	94.96	95.84	93.12	340.90K	-1.79
20-Jun-13	95.4	98.02	98.03	94.89	26.73K	-2.89
19-Jun-13	98.24	98.59	99.01	97.57	111.30K	-0.2
18-Jun-13	98.44	97.93	98.67	97.41	145.62K	0.69
17-Jun-13	97.77	97.85	98.74	97.38	242.79K	-0.08
14-Jun-13	97.85	96.64	98.25	96.42	240.91K	1.2
13-Jun-13	96.69	95.77	96.92	95.02	224.45K	0.84
12-Jun-13	95.88	94.89	96.45	94.46	244.87K	0.52
11-Jun-13	95.38	95.76	95.91	94.04	257.47K	-0.41
10-Jun-13	95.77	96.09	96.25	95.19	234.60K	-0.27
7-Jun-13	96.03	94.72	96.39	93.72	330.83K	1.34
6-Jun-13	94.76	93.7	95.32	93.69	267.16K	1.09
5-Jun-13	93.74	93.86	94.48	93.41	268.91K	0.46
4-Jun-13	93.31	93.35	94.41	92.38	301.14K	-0.15
3-Jun-13	93.45	91.73	93.7	91.26	287.47K	1.61
31-May-13	91.97	93.64	93.85	91.56	267.98K	-1.75
30-May-13	93.61	92.89	93.99	91.65	294.86K	0.52
29-May-13	93.13	95.05	95.22	92.83	293.46K	-1.98
28-May-13	95.01	93.89	95.92	93.23	240.99K	1.25
27-May-13	93.83	93.54	94.03	93.25	0	-0.33
24-May-13	94.15	94.37	94.39	93.04	203.99K	-0.11
23-May-13	94.25	94.18	94.46	92.21	323.63K	-0.03
22-May-13	94.28	95.9	96.19	94.01	336.50K	-1.96
21-May-13	96.16	96.7	96.97	95.5	0	-0.57
20-May-13	96.71	95.93	97.11	95.23	118.62K	0.72
17-May-13	96.02	95.15	96.45	94.79	187.75K	0.9
16-May-13	95.16	94.34	95.57	93.23	297.86K	0.91
15-May-13	94.3	94.13	94.44	92.13	360.68K	0.1
14-May-13	94.21	94.93	95.66	93.85	269.40K	-1.01
13-May-13	95.17	95.76	95.81	94.47	297.04K	-0.91
10-May-13	96.04	96.16	96.24	93.37	354.12K	-0.36
9-May-13	96.39	96.6	96.77	95.35	272.20K	-0.24
8-May-13	96.62	95.56	96.77	95.24	276.32K	1.05
7-May-13	95.62	95.79	96.26	94.92	260.14K	-0.56
6-May-13	96.16	95.58	97.17	94.85	271.00K	0.58
3-May-13	95.61	93.99	96.04	93.56	297.52K	1.72
2-May-13	93.99	91	94.25	90.65	310.81K	3.25
1-May-13	91.03	93.08	93.26	90.11	332.38K	-2.6
30-Apr-13	93.46	94.42	94.62	92.86	277.50K	-1.1
29-Apr-13	94.5	92.7	94.69	92.43	214.61K	1.61
26-Apr-13	93	93.24	93.58	92.06	240.97K	-0.68
25-Apr-13	93.64	91.58	93.87	91.11	270.12K	2.42
24-Apr-13	91.43	89.6	91.72	89.21	257.74K	2.52
23-Apr-13	89.18	89.28	89.6	87.8	288.80K	0.47
22-Apr-13	88.76	87.96	89.13	87.55	35.73K	0.85
19-Apr-13	88.01	88.37	88.79	87.56	100.65K	0.32
18-Apr-13	87.73	86.39	88.51	85.61	228.20K	1.21
17-Apr-13	86.68	88.8	89.09	86.06	294.27K	-2.3
16-Apr-13	88.72	87.42	88.96	86.06	287.41K	0.01
15-Apr-13	88.71	90.95	90.98	87.2	362.52K	-2.83
12-Apr-13	91.29	93.49	93.52	90.27	325.58K	-2.37
11-Apr-13	93.51	94.56	94.64	93.06	222.44K	-1.19
10-Apr-13	94.64	93.96	94.82	93.4	248.56K	0.47
9-Apr-13	94.2	93.49	94.48	92.86	234.72K	0.9
8-Apr-13	93.36	93.02	93.75	92.46	212.12K	0.71
5-Apr-13	92.7	93.36	93.57	91.91	267.28K	-0.6
4-Apr-13	93.26	94.5	94.84	92.12	355.32K	-1.26
3-Apr-13	94.45	96.93	96.96	94.18	302.24K	-2.82
2-Apr-13	97.19	97	97.44	95.91	209.88K	0.12
1-Apr-13	97.07	97.36	97.8	95.92	192.40K	-0.16
28-Mar-13	97.23	96.68	97.35	96.26	174.39K	0.67
27-Mar-13	96.58	96.18	96.84	95.58	207.78K	0.25
						
	Highest:112.24	Lowest:26.05	Difference:86.19	Average:65.15	Change %:-32.59	
