"Date","Price","Open","High","Low","Vol.","Change %"
"Mar 29, 2018","26.2400","26.1807","26.2400","26.1800","14.70K","0.36"
"Mar 28, 2018","26.1457","26.1100","26.1457","26.1100","11.55K","-0.02"
"Mar 27, 2018","26.1500","26.1450","26.1570","26.1000","7.69K","-0.25"
"Mar 26, 2018","26.2150","26.1900","26.2400","26.1600","3.53K","-0.06"
"Mar 23, 2018","26.2300","26.3200","26.3200","26.1200","107.58K","-0.47"
"Mar 22, 2018","26.3550","26.3643","26.3950","26.3477","2.94K","0.05"
"Mar 21, 2018","26.3424","26.4250","26.4300","26.3336","4.95K","-0.18"
"Mar 20, 2018","26.3900","26.3800","26.3900","26.3200","1.41K","-0.34"
"Mar 19, 2018","26.4800","26.5100","26.5200","26.4300","6.13K","-0.08"
"Mar 16, 2018","26.5000","26.5000","26.5000","26.4000","9.10K","0.16"
"Mar 15, 2018","26.4578","26.4800","26.4800","26.4000","10.48K","-0.16"
"Mar 14, 2018","26.5000","26.5100","26.5100","26.4800","2.25K","0.15"
"Mar 13, 2018","26.4600","26.5000","26.5100","26.4594","19.37K","-0.15"
"Mar 12, 2018","26.5000","26.4330","26.5000","26.4317","3.42K","0.31"
"Mar 09, 2018","26.4188","26.4600","26.4700","26.4188","6.01K","-0.12"
"Mar 08, 2018","26.4500","26.3200","26.4600","26.3200","1.17K","0.49"
"Mar 07, 2018","26.3216","26.3216","26.3216","26.3216","0.45K","0.23"
"Mar 06, 2018","26.2600","26.4100","26.4200","26.2500","6.72K","-0.22"
"Mar 05, 2018","26.3175","26.1900","26.3175","26.1800","4.93K","0.41"
"Mar 02, 2018","26.2090","26.2068","26.2700","26.2068","9.06K","-0.72"
"Mar 01, 2018","26.4000","26.4700","26.4700","26.3126","6.30K","-0.64"
"Feb 28, 2018","26.5700","26.6200","26.6400","26.5200","9.78K","0.19"
"Feb 27, 2018","26.5200","26.5999","26.5999","26.4871","4.93K","0.08"
"Feb 26, 2018","26.5000","26.5000","26.5000","26.5000","1.03K","0.11"
"Feb 23, 2018","26.4700","26.4800","26.5700","26.4700","7.11K","-0.84"
"Feb 22, 2018","26.6950","26.7200","26.7200","26.6950","1.20K","0.31"
"Feb 21, 2018","26.6120","26.5300","26.6590","26.5300","2.51K","-0.31"
"Feb 20, 2018","26.6950","26.7100","26.7100","26.5842","3.65K","-0.02"
"Feb 16, 2018","26.7000","26.6470","26.7000","26.6100","12.14K","0.00"
"Feb 15, 2018","26.7000","26.6800","26.7000","26.6199","30.40K","0.72"
"Feb 14, 2018","26.5100","26.4600","26.5100","26.4600","3.23K","0.72"
"Feb 13, 2018","26.3210","26.4300","26.4500","26.3210","5.82K","-0.49"
"Feb 12, 2018","26.4500","26.4800","26.5000","26.4500","20.54K","-0.22"
"Feb 09, 2018","26.5086","26.5100","26.6100","26.5086","0.41K","-0.38"
"Feb 08, 2018","26.6100","26.8000","26.8000","26.6100","4.50K","-0.56"
"Feb 07, 2018","26.7600","26.7900","26.7900","26.6876","8.64K","-0.52"
"Feb 06, 2018","26.9000","26.7400","26.9100","26.7300","16.51K","0.38"
"Feb 05, 2018","26.7976","26.9680","26.9799","26.7976","1.93K","-0.53"
"Feb 02, 2018","26.9400","26.9650","26.9800","26.9400","10.35K","-0.66"
"Feb 01, 2018","27.1200","27.1700","27.1700","27.0540","25.92K","0.22"
"Jan 31, 2018","27.0600","26.8800","27.0600","26.8600","1.80K","0.27"
"Jan 30, 2018","26.9880","27.0000","27.1800","26.9184","25.01K","0.18"
"Jan 29, 2018","26.9400","26.9900","26.9900","26.9400","3.58K","-0.09"
"Jan 26, 2018","26.9640","26.9120","26.9640","26.9120","1.45K","0.05"
"Jan 25, 2018","26.9500","26.7700","26.9500","26.7700","5.30K","0.67"
"Jan 24, 2018","26.7700","26.8200","26.8300","26.7000","7.59K","-2.33"
"Jan 23, 2018","27.4100","26.8400","27.4200","26.8120","17.58K","2.31"
"Jan 22, 2018","26.7900","26.8000","26.8700","26.7626","29.45K","0.30"
"Jan 19, 2018","26.7100","26.7100","26.7100","26.6463","6.97K","-0.15"
"Jan 18, 2018","26.7500","26.7100","26.9200","26.7058","3.11K","0.49"
"Jan 17, 2018","26.6200","26.7300","26.8400","26.6200","12.57K","-0.15"
"Jan 16, 2018","26.6600","26.6500","26.7100","26.5952","9.01K","0.08"
"Jan 12, 2018","26.6400","26.5900","26.6400","26.5100","14.98K","0.30"
"Jan 11, 2018","26.5600","26.5100","26.5700","26.4798","7.72K","0.57"
"Jan 10, 2018","26.4100","26.4194","26.4194","26.3800","36.89K","0.08"
"Jan 09, 2018","26.3898","26.4200","26.4200","26.3826","0.91K","-0.04"
"Jan 08, 2018","26.4000","26.3900","26.4200","26.3010","16.97K","0.04"
"Jan 05, 2018","26.3900","26.3398","26.3900","26.3084","17.68K","0.00"
"Jan 04, 2018","26.3900","26.3700","26.3900","26.3405","1.49K","0.08"
"Jan 03, 2018","26.3700","26.3300","26.3700","26.3300","1.74K","0.15"
"Jan 02, 2018","26.3300","26.2890","26.3300","26.2781","229.84K","-0.34"
"Dec 29, 2017","26.4200","26.3596","26.4200","26.2800","2.91K","0.19"
"Dec 28, 2017","26.3700","26.3700","26.3800","26.3456","4.85K","0.17"
"Dec 27, 2017","26.3240","26.3500","26.3700","26.3240","2.43K","-0.21"
"Dec 26, 2017","26.3800","26.4016","26.4100","26.3800","3.52K","0.16"
"Dec 21, 2017","26.3375","26.3700","26.3900","26.3375","2.54K","-0.20"
"Dec 20, 2017","26.3891","26.3000","26.3891","26.3000","3.75K","0.30"
"Dec 19, 2017","26.3090","26.3200","26.3200","26.3050","2.50K","-0.04"
"Dec 18, 2017","26.3200","26.3400","26.3400","26.2999","7.14K","0.15"
"Dec 15, 2017","26.2800","26.3100","26.3100","26.2628","1.87K","0.12"
"Dec 14, 2017","26.2477","26.2800","26.3100","26.2476","6.22K","-0.08"
"Dec 13, 2017","26.2692","26.1700","26.3100","26.1700","2.03K","0.07"
"Dec 12, 2017","26.2500","26.1900","26.7800","26.1900","31.88K","0.24"
"Dec 11, 2017","26.1879","26.1856","26.1900","26.1800","2.02K","0.12"
"Dec 08, 2017","26.1575","26.1900","26.2000","26.1575","14.37K","0.07"
"Dec 07, 2017","26.1400","26.1300","26.1400","26.1300","0.41K","-0.23"
"Dec 06, 2017","26.2000","26.2000","26.2200","26.1800","2.49K","-0.10"
"Dec 05, 2017","26.2265","26.2200","26.2500","26.1600","3.82K","0.48"
"Dec 04, 2017","26.1000","26.0550","26.1000","26.0550","0.54K","0.15"
"Dec 01, 2017","26.0600","26.1500","26.1500","26.0600","0.30K","-0.31"
"Nov 30, 2017","26.1400","26.1200","26.1400","26.1200","1.49K","0.23"
"Nov 29, 2017","26.0799","26.0010","26.0799","26.0000","0.43K","0.31"
"Nov 28, 2017","26.0000","25.9600","26.0000","25.9456","4.40K","-0.33"
"Nov 27, 2017","26.0850","26.1300","26.1300","26.0800","3.24K","-0.01"
"Nov 24, 2017","26.0867","26.1000","26.1200","26.0867","3.52K","-0.12"
"Nov 22, 2017","26.1170","26.1300","26.1300","26.1170","4.59K","0.03"
"Nov 21, 2017","26.1100","26.0900","26.1100","26.0597","2.33K","0.42"
"Nov 20, 2017","26.0000","25.9700","26.0000","25.9050","13.59K","0.68"
"Nov 17, 2017","25.8250","25.8700","25.8700","25.8000","2.44K","0.04"
"Nov 16, 2017","25.8150","25.7900","25.8600","25.7900","2.78K","0.16"
"Nov 15, 2017","25.7730","25.7165","25.7900","25.7165","2.65K","-0.26"
"Nov 13, 2017","25.8400","25.7800","25.8400","25.7626","4.88K","0.94"
"Nov 09, 2017","25.6000","25.8400","25.8400","25.6000","13.44K","-0.93"
"Nov 08, 2017","25.8400","25.8400","25.8400","25.8400","0.16K","-0.04"
"Nov 07, 2017","25.8500","25.8600","25.8600","25.8500","0.90K","-0.43"
"Nov 06, 2017","25.9617","25.9900","25.9900","25.9380","1.66K","-0.15"
"Nov 03, 2017","26.0000","26.0200","26.0200","25.9701","1.49K","0.00"
"Nov 02, 2017","26.0000","26.0000","26.0000","26.0000","0.99K","0.04"
"Nov 01, 2017","25.9900","25.9900","25.9900","25.9900","0.21K","-0.19"
"Oct 31, 2017","26.0400","26.0400","26.0400","26.0400","1.38K","-0.08"
"Oct 30, 2017","26.0600","26.0790","26.0790","26.0600","2.57K","0.01"
"Oct 27, 2017","26.0575","26.0620","26.0790","26.0575","3.58K","0.13"
"Oct 26, 2017","26.0249","26.0033","26.0500","26.0033","2.32K","0.29"
"Oct 25, 2017","25.9500","25.9100","25.9500","25.9100","6.63K","-0.02"
"Oct 24, 2017","25.9557","25.9550","25.9557","25.9550","0.40K","0.18"
"Oct 23, 2017","25.9096","25.9400","25.9400","25.9096","0.53K","0.25"
"Oct 19, 2017","25.8438","25.8597","25.8597","25.8001","2.84K","0.01"
"Oct 18, 2017","25.8400","25.8000","25.8400","25.8000","1.49K","0.16"
"Oct 17, 2017","25.8000","25.8300","25.8300","25.8000","0.70K","0.19"
"Oct 16, 2017","25.7500","25.7400","25.7800","25.7400","1.31K","0.18"
"Oct 13, 2017","25.7050","25.7050","25.7050","25.7050","0.29K","0.07"
"Oct 12, 2017","25.6881","25.7100","25.7100","25.6881","0.49K","-0.01"
"Oct 11, 2017","25.6918","25.6700","25.7700","25.6700","4.26K","-0.47"
"Oct 10, 2017","25.8128","25.8400","25.8400","25.8128","0.40K","0.36"
"Oct 09, 2017","25.7200","25.7510","25.7510","25.7200","0.20K","0.55"
"Oct 06, 2017","25.5800","25.5700","25.7820","25.5700","0.57K","-0.93"
"Oct 05, 2017","25.8200","25.8000","25.8200","25.7600","3.03K","0.19"
"Oct 04, 2017","25.7700","25.7700","25.7700","25.7700","0.46K","0.14"
"Oct 03, 2017","25.7328","25.7328","25.7328","25.7328","0.52K","0.75"
"Oct 02, 2017","25.5400","25.5300","25.7590","25.4750","0.50K","-0.78"
"Sep 29, 2017","25.7400","25.6500","25.7500","25.6500","2.03K","0.31"
"Sep 28, 2017","25.6600","25.5700","25.6600","25.5700","0.69K","0.39"
"Sep 27, 2017","25.5609","25.5600","25.5700","25.5600","2.56K","0.00"
"Sep 26, 2017","25.5600","25.5600","25.5600","25.5600","0.21K","0.02"
"Sep 22, 2017","25.5550","25.5492","25.5550","25.5492","0.95K","0.02"
"Sep 21, 2017","25.5492","25.5100","25.5500","25.5100","1.55K","0.32"
"Sep 20, 2017","25.4667","25.4999","25.5000","25.4667","0.54K","-0.13"
"Sep 19, 2017","25.5000","25.4300","25.5000","25.4300","11.69K","0.49"
"Sep 18, 2017","25.3750","25.3750","25.3750","25.3750","0.10K","-0.10"
"Sep 15, 2017","25.4000","25.6500","25.6500","25.3899","2.93K","0.64"
"Sep 13, 2017","25.2390","25.2314","25.2390","25.2314","0.41K","0.35"
"Sep 12, 2017","25.1500","25.1700","25.1700","25.1100","1.27K","0.04"
"Sep 11, 2017","25.1388","25.1300","25.1800","25.1300","6.53K","-0.08"
"Sep 08, 2017","25.1600","25.1600","25.1600","25.1600","0.19K","-0.16"
"Sep 07, 2017","25.2000","25.2100","25.2100","25.1824","3.78K","0.12"
"Sep 06, 2017","25.1690","25.1690","25.1690","25.1690","0.31K","-0.36"
"Sep 05, 2017","25.2600","25.2010","25.2700","25.2010","2.49K","-0.24"
"Sep 01, 2017","25.3200","25.3000","25.3200","25.2800","8.11K","0.20"
"Aug 30, 2017","25.2700","25.2700","25.2700","25.2700","0.76K","0.16"
"Aug 29, 2017","25.2300","25.2300","25.2300","25.2300","0.66K","-0.21"
"Aug 28, 2017","25.2830","25.2899","25.2899","25.2699","0.95K","-0.03"
"Aug 25, 2017","25.2894","25.2894","25.2894","25.2894","1.01K","0.16"
"Aug 24, 2017","25.2479","25.2479","25.2479","25.2479","0.10K","-0.08"
"Aug 23, 2017","25.2669","25.3000","25.3000","25.2350","12.49K","0.09"
"Aug 22, 2017","25.2448","25.2448","25.2448","25.2448","0.20K","-0.11"
"Aug 21, 2017","25.2721","25.2000","25.2800","25.2000","0.80K","-0.11"
"Aug 18, 2017","25.3000","25.2540","25.3100","25.2400","7.47K","0.08"
"Aug 17, 2017","25.2800","25.3800","25.3800","25.2800","0.43K","-0.37"
"Aug 16, 2017","25.3736","25.3999","25.4000","25.3736","1.49K","0.39"
"Aug 15, 2017","25.2742","25.3000","25.3000","25.2742","1.67K","-0.18"
"Aug 14, 2017","25.3199","25.3299","25.3299","25.3139","4.93K","0.42"
"Aug 11, 2017","25.2152","25.1900","25.2153","25.1900","13.37K","-0.20"
"Aug 10, 2017","25.2652","25.3093","25.3093","25.2652","0.52K","-0.54"
"Aug 09, 2017","25.4025","25.4100","25.4100","25.4025","1.24K","-0.07"
"Aug 08, 2017","25.4200","25.4200","25.4200","25.4200","0.23K","-0.51"
"Aug 07, 2017","25.5500","25.5500","25.5500","25.5500","0.41K","-0.04"
"Aug 04, 2017","25.5600","25.5900","25.5900","25.5600","0.60K","-0.08"
"Aug 03, 2017","25.5800","25.5800","25.5800","25.5800","0.10K","0.04"
"Aug 02, 2017","25.5700","25.5800","25.5900","25.5366","1.48K","-0.35"
"Aug 01, 2017","25.6599","25.6599","25.6599","25.6599","0.21K","0.39"
"Jul 31, 2017","25.5600","25.5600","25.5600","25.5600","0.33K","-0.35"
"Jul 28, 2017","25.6490","25.5900","25.6490","25.5900","6.69K","0.24"
"Jul 27, 2017","25.5880","25.6400","25.6400","25.5880","5.66K","-0.35"
"Jul 26, 2017","25.6767","25.6800","25.6800","25.6767","0.97K","0.14"
"Jul 25, 2017","25.6400","25.6300","25.6400","25.6300","4.56K","0.23"
"Jul 24, 2017","25.5801","25.6400","25.6500","25.5801","5.71K","-0.35"
"Jul 21, 2017","25.6700","25.6671","25.6800","25.6433","15.91K","0.27"
"Jul 20, 2017","25.6000","25.6000","25.6000","25.6000","0.16K","0.35"
"Jul 19, 2017","25.5100","25.5700","25.5700","25.5090","6.70K","-0.16"
"Jul 18, 2017","25.5500","25.4800","25.5500","25.4800","2.99K","0.00"
"Jul 17, 2017","25.5500","25.5500","25.5500","25.5156","0.92K","0.00"
"Jul 14, 2017","25.5490","25.6000","25.6000","25.5450","1.20K","-0.66"
"Jul 13, 2017","25.7200","25.7100","25.7200","25.6656","2.08K","0.04"
"Jul 11, 2017","25.7100","25.7100","25.7100","25.6330","1.86K","-0.11"
"Jul 10, 2017","25.7380","25.6600","25.7690","25.6500","5.48K","-0.20"
"Jul 07, 2017","25.7900","26.4000","26.4000","25.7130","4.16K","0.00"
"Jul 06, 2017","25.7900","25.7900","25.7900","25.7900","0.17K","0.35"
"Jul 05, 2017","25.7000","25.6000","26.1100","25.6000","72.63K","0.39"
"Jul 03, 2017","25.6000","25.6000","25.6000","25.6000","0.28K","0.00"
"Jun 30, 2017","25.6000","25.6000","25.6000","25.6000","0.50K","0.12"
"Jun 29, 2017","25.5694","25.6000","25.6000","25.5694","1.44K","0.31"
"Jun 28, 2017","25.4902","25.4902","25.4902","25.4902","0.23K","-0.27"
"Jun 27, 2017","25.5599","25.5000","25.5900","25.4999","1.88K","0.40"
"Jun 26, 2017","25.4583","25.4583","25.4583","25.4583","0.71K","-0.08"
"Jun 23, 2017","25.4799","25.4799","25.4799","25.4799","0.13K","0.00"
"Jun 22, 2017","25.4799","25.4420","25.4799","25.4420","0.68K","0.06"
"Jun 20, 2017","25.4655","25.4450","25.4655","25.4450","0.51K","0.46"
"Jun 19, 2017","25.3500","25.2100","25.3500","25.2100","0.80K","0.00"
"Jun 16, 2017","25.3500","25.3700","25.3700","25.2765","0.83K","-0.08"
"Jun 15, 2017","25.3700","25.3600","25.3799","25.3420","0.82K","0.06"
"Jun 14, 2017","25.3550","25.3550","25.3550","25.3550","0.10K","0.52"
"Jun 13, 2017","25.2250","25.0320","25.2250","25.0320","0.34K","0.22"
"Jun 12, 2017","25.1690","25.1850","25.1850","25.1514","0.52K","0.13"
"Jun 09, 2017","25.1360","25.1297","25.2000","25.1280","4.58K","-0.09"
"Jun 08, 2017","25.1599","25.1599","25.1599","25.1599","0.59K","0.37"
"Jun 07, 2017","25.0676","24.9801","25.1499","24.9801","2.52K","-0.25"
"Jun 06, 2017","25.1300","25.1300","25.1300","25.1300","0.60K","0.14"
"Jun 05, 2017","25.0950","24.9700","25.1200","24.9700","6.43K","-0.12"
"Jun 02, 2017","25.1250","25.0675","25.1300","25.0675","2.31K","-0.04"
"Jun 01, 2017","25.1350","25.1090","25.1350","25.1090","0.40K","0.27"
"May 31, 2017","25.0675","25.0934","25.1400","25.0675","1.48K","-0.41"
"May 30, 2017","25.1700","25.1800","25.1800","25.1325","6.91K","0.15"
"May 26, 2017","25.1321","25.1499","25.1500","25.1321","2.91K","-0.23"
"May 25, 2017","25.1900","25.1870","25.2100","25.1800","2.78K","0.34"
"May 24, 2017","25.1050","25.1599","25.1599","25.0708","3.09K","0.37"
"May 22, 2017","25.0121","25.0275","25.0275","25.0121","0.93K","0.09"
"May 18, 2017","24.9899","25.0000","25.0000","24.9619","16.93K","-0.41"
"May 17, 2017","25.0930","25.3400","25.3400","24.9901","3.91K","0.01"
"May 16, 2017","25.0900","25.1099","25.1099","25.0899","3.79K","0.24"
"May 15, 2017","25.0301","25.1100","25.1300","25.0000","2.13K","-0.44"
"May 11, 2017","25.1400","25.0800","25.1400","25.0800","0.65K","0.48"
"May 09, 2017","25.0200","25.0699","25.0699","25.0200","1.97K","-0.12"
"May 08, 2017","25.0500","24.9900","25.0500","24.9800","5.22K","0.20"
"May 05, 2017","25.0000","25.0000","25.0000","25.0000","2.08K","0.10"
"May 04, 2017","24.9750","25.0000","25.0000","24.9617","2.90K","-0.18"
"May 03, 2017","25.0200","25.0400","25.0400","24.9819","8.34K","0.12"
"May 02, 2017","24.9900","24.9700","25.0500","24.8350","1.30K","0.16"
"May 01, 2017","24.9500","25.0400","25.0400","24.9399","10.34K","-0.28"
"Apr 28, 2017","25.0200","24.9900","25.0200","24.9900","1.87K","0.00"
"Apr 27, 2017","25.0199","25.0199","25.0200","25.0199","0.49K","0.40"
"Apr 26, 2017","24.9197","24.9511","24.9511","24.9197","0.30K","0.33"
"Apr 25, 2017","24.8372","24.8372","24.8372","24.8372","0.25K","-0.37"
"Apr 24, 2017","24.9299","24.8200","24.9300","24.8160","10.57K","0.35"
"Apr 21, 2017","24.8441","24.9260","24.9260","24.8441","0.88K","0.08"
"Apr 20, 2017","24.8232","24.9299","24.9299","24.8232","0.67K","0.13"
"Apr 19, 2017","24.7900","24.7948","24.7948","24.7900","1.25K","-0.08"
"Apr 18, 2017","24.8100","24.8600","24.9399","24.8100","0.93K","-0.52"
"Apr 17, 2017","24.9399","24.9399","24.9399","24.9399","0.19K","-0.01"
"Apr 12, 2017","24.9427","24.9718","24.9718","24.9075","0.76K","-0.23"
"Apr 11, 2017","25.0000","25.0465","25.0465","25.0000","0.67K","0.08"
"Apr 10, 2017","24.9800","25.0400","25.0400","24.9800","1.42K","-0.08"
"Apr 07, 2017","25.0000","24.9674","25.0000","24.9400","1.46K","-0.56"
"Apr 06, 2017","25.1400","24.9500","25.1400","24.9500","4.62K","0.59"
"Apr 04, 2017","24.9915","25.0800","25.0800","24.9915","1.73K","-0.39"
"Apr 03, 2017","25.0900","25.0510","25.1150","25.0510","1.44K","0.04"
"Mar 31, 2017","25.0800","25.0950","25.1300","25.0800","4.52K","-0.08"
"Mar 30, 2017","25.0990","25.1100","25.1100","25.0990","1.04K","0.04"
"Mar 29, 2017","25.0900","25.1000","25.1000","25.0160","4.48K","0.26"
"Mar 28, 2017","25.0250","25.0100","25.0400","25.0100","0.78K","-0.12"
"Mar 27, 2017","25.0550","25.0400","25.0700","24.9700","1.88K","0.14"
"Mar 24, 2017","25.0200","25.0900","25.0900","25.0200","5.67K","0.30"
"Mar 23, 2017","24.9450","25.0600","25.0600","24.9450","1.89K","-0.42"
"Mar 22, 2017","25.0500","25.0500","25.0500","25.0500","0.97K","0.06"
"Mar 20, 2017","25.0350","25.0350","25.0350","25.0350","0.20K","-0.30"
"Mar 17, 2017","25.1100","25.1200","25.1200","25.1100","0.32K","-0.08"
"Mar 16, 2017","25.1300","25.1000","25.1300","25.0525","1.99K","0.12"
"Mar 15, 2017","25.1000","25.1000","25.1000","25.1000","0.17K","0.40"
"Mar 14, 2017","25.0000","25.0500","25.0500","24.9900","0.30K","-0.24"
"Mar 13, 2017","25.0600","25.0600","25.0600","25.0600","0.71K","-0.04"
"Mar 10, 2017","25.0700","25.0500","25.0800","24.9975","2.18K","0.28"
"Mar 09, 2017","25.0000","25.0200","25.0200","25.0000","0.88K","-0.19"
"Mar 08, 2017","25.0470","25.0500","25.0500","25.0400","5.29K","-0.21"
"Mar 07, 2017","25.1000","25.1500","25.1500","25.0631","1.46K","-0.44"
"Mar 06, 2017","25.2099","25.2099","25.2099","25.2099","0.17K","0.43"
"Mar 03, 2017","25.1022","25.2300","25.2390","25.1022","2.74K","-0.43"
"Mar 02, 2017","25.2100","25.2190","25.2200","25.1936","2.59K","-0.12"
"Mar 01, 2017","25.2400","25.2600","25.2600","25.1611","4.27K","0.06"
"Feb 28, 2017","25.2250","25.2250","25.2250","25.2250","1.11K","0.11"
"Feb 24, 2017","25.1976","25.1900","25.1976","25.1900","5.99K","0.03"
"Feb 23, 2017","25.1900","25.1899","25.1900","25.1899","0.83K","-0.08"
"Feb 22, 2017","25.2100","25.1990","25.2100","25.1900","1.26K","0.20"
"Feb 21, 2017","25.1600","25.1650","25.1700","25.0700","6.75K","0.28"
"Feb 17, 2017","25.0900","25.0900","25.0900","25.0900","0.12K","0.60"
"Feb 16, 2017","24.9400","25.0900","25.0900","24.9400","1.56K","-0.20"
"Feb 14, 2017","24.9900","24.9900","24.9900","24.9900","0.26K","0.04"
"Feb 13, 2017","24.9800","24.9800","24.9800","24.9630","2.92K","0.24"
"Feb 10, 2017","24.9199","24.9199","24.9199","24.9199","0.17K","-0.32"
"Feb 08, 2017","25.0000","25.0000","25.0000","25.0000","0.36K","0.19"
"Feb 07, 2017","24.9532","24.9990","24.9990","24.9532","2.06K","-0.33"
"Feb 06, 2017","25.0350","25.0600","25.0600","25.0350","1.33K","0.42"
"Feb 03, 2017","24.9300","24.9300","24.9300","24.9051","1.32K","-0.36"
"Feb 01, 2017","25.0199","25.0000","25.0200","24.9242","13.75K","-0.12"
"Jan 30, 2017","25.0500","25.0500","25.0500","25.0500","1.04K","-0.12"
"Jan 27, 2017","25.0799","25.0300","25.0800","25.0246","2.06K","0.12"
"Jan 26, 2017","25.0500","25.0500","25.0500","25.0500","0.18K","0.44"
"Jan 25, 2017","24.9400","24.9458","24.9550","24.9400","1.26K","0.16"
"Jan 24, 2017","24.9000","24.9100","24.9100","24.9000","1.04K","0.15"
"Jan 23, 2017","24.8620","24.8620","24.8620","24.8620","0.17K","-0.15"
"Jan 20, 2017","24.9000","24.8900","24.9000","24.8900","0.34K","0.65"
"Jan 19, 2017","24.7400","24.7800","24.7800","24.7300","0.39K","-0.08"
"Jan 17, 2017","24.7600","24.7890","24.7890","24.7600","1.52K","0.12"
"Jan 13, 2017","24.7300","24.7400","24.7400","24.7300","2.63K","-0.46"
"Jan 12, 2017","24.8452","24.8799","24.8800","24.8452","2.02K","0.26"
"Jan 11, 2017","24.7797","24.7999","24.7999","24.7797","0.39K","0.04"
"Jan 09, 2017","24.7700","24.7329","24.7700","24.7329","0.56K","-0.12"
"Jan 06, 2017","24.8000","24.8100","24.8100","24.8000","0.25K","-0.04"
"Jan 05, 2017","24.8099","24.8199","24.8200","24.7886","9.20K","-0.08"
"Jan 04, 2017","24.8300","24.8300","24.8400","24.8300","0.47K","0.12"
"Jan 03, 2017","24.7994","24.6900","24.7994","24.6900","0.70K","-0.36"
"Dec 30, 2016","24.8900","24.9100","24.9100","24.8899","4.63K","-0.32"
"Dec 29, 2016","24.9700","24.9000","24.9700","24.9000","1.18K","0.54"
"Dec 27, 2016","24.8350","24.8699","24.8700","24.8350","2.65K","-0.54"
"Dec 23, 2016","24.9700","24.9700","24.9700","24.9700","0.23K","0.02"
"Dec 22, 2016","24.9650","24.9399","24.9650","24.9399","1.86K","0.79"
"Dec 20, 2016","24.7700","24.7800","24.7800","24.7600","0.80K","-0.29"
"Dec 19, 2016","24.8429","24.8429","24.8429","24.8429","0.18K","0.66"
"Dec 16, 2016","24.6796","24.6700","24.6796","24.6700","0.48K","0.04"
"Dec 15, 2016","24.6700","24.5624","24.6700","24.5624","0.42K","0.98"
"Dec 12, 2016","24.4300","24.4300","24.4300","24.4300","0.15K","0.25"
"Dec 09, 2016","24.3700","24.3700","24.3700","24.3700","3.50K","0.04"
"Dec 08, 2016","24.3599","24.3599","24.3599","24.3599","0.21K","0.58"
"Dec 06, 2016","24.2200","24.2500","24.2595","24.1600","0.50K","0.46"
"Dec 01, 2016","24.1100","24.1100","24.1837","24.0700","5.06K","-0.25"
"Nov 30, 2016","24.1700","24.1200","24.1700","24.1100","2.40K","0.42"
"Nov 29, 2016","24.0700","24.1200","24.1900","24.0700","2.12K","-0.33"
"Nov 28, 2016","24.1500","24.0800","24.1500","24.0800","2.00K","0.00"
"Nov 23, 2016","24.1500","24.2500","24.2500","24.1500","1.57K","0.08"
"Nov 22, 2016","24.1300","24.2500","24.2500","24.0700","2.76K","0.56"
"Nov 18, 2016","23.9960","23.9455","24.1400","23.9455","3.60K","-0.74"
"Nov 16, 2016","24.1745","24.1745","24.1745","24.1745","0.21K","0.81"
"Nov 15, 2016","23.9800","24.0490","24.0500","23.9000","19.91K","0.46"
"Nov 14, 2016","23.8700","23.7999","23.8900","23.7999","1.80K","-0.33"
"Nov 11, 2016","23.9500","23.9600","24.0300","23.9500","4.00K","-0.37"
"Nov 08, 2016","24.0399","23.9200","24.0399","23.9200","3.70K","0.63"
"Nov 07, 2016","23.8886","23.8886","23.8886","23.8886","0.12K","-0.46"
"Nov 04, 2016","24.0000","23.9700","24.0800","23.9700","2.40K","-0.12"
"Nov 02, 2016","24.0299","23.9400","24.0299","23.9400","8.95K","0.33"
"Nov 01, 2016","23.9500","23.9000","24.0000","23.9000","0.38K","0.38"
"Oct 27, 2016","23.8600","23.8700","23.9000","23.8600","0.40K","-1.42"
"Oct 25, 2016","24.2044","24.2700","24.2700","24.2044","0.32K","-0.16"
"Oct 21, 2016","24.2420","24.2940","24.2940","24.2420","1.90K","-0.36"
"Oct 20, 2016","24.3290","24.3290","24.3290","24.3290","0.10K","0.62"
"Oct 19, 2016","24.1800","24.1600","24.1800","24.1600","2.89K","0.00"
"Oct 18, 2016","24.1800","24.0700","24.1800","24.0700","0.50K","0.33"
"Oct 17, 2016","24.1000","24.0700","24.1000","24.0700","9.40K","0.54"
"Oct 14, 2016","23.9700","24.0000","24.1200","23.9600","20.68K","-1.07"
"Oct 13, 2016","24.2300","24.1500","24.2690","24.1000","53.80K","0.96"
"Oct 11, 2016","24.0000","23.9700","24.0200","23.9700","2.20K","0.00"
"Oct 10, 2016","24.0000","24.0500","24.1100","24.0000","3.50K","0.63"
"Oct 06, 2016","23.8500","23.8900","23.9200","23.8500","9.30K","-0.62"
"Oct 03, 2016","24.0000","24.0300","24.0800","23.9600","0.80K","0.38"
"Sep 30, 2016","23.9100","23.8000","23.9100","23.7600","1.60K","0.00"
"Sep 29, 2016","23.9100","23.8600","23.9600","23.8600","13.26K","-0.30"
"Sep 28, 2016","23.9811","23.8800","23.9811","23.8800","2.78K","0.17"
"Sep 27, 2016","23.9400","23.8900","24.0100","23.8900","2.31K","-0.04"
"Sep 26, 2016","23.9500","23.9000","24.0550","23.9000","3.21K","-0.75"
"Sep 23, 2016","24.1300","24.0400","24.1300","24.0400","0.20K","0.42"
"Sep 22, 2016","24.0300","24.0300","24.0300","24.0300","0.20K","0.38"
"Sep 21, 2016","23.9400","23.9900","23.9900","23.9000","3.99K","0.09"
"Sep 20, 2016","23.9176","23.9500","23.9500","23.9176","1.38K","0.16"
"Sep 16, 2016","23.8800","23.8170","23.8800","23.8170","5.56K","0.32"
"Sep 14, 2016","23.8050","23.8108","23.8300","23.7830","3.99K","-0.44"
"Sep 13, 2016","23.9099","23.9099","23.9099","23.9099","0.30K","-0.06"
"Sep 12, 2016","23.9250","23.8390","24.0000","23.8390","13.95K","0.23"
"Sep 09, 2016","23.8700","23.8790","23.9900","23.8400","6.20K","-0.04"
"Sep 08, 2016","23.8800","23.9000","23.9100","23.8800","0.70K","-0.25"
"Sep 07, 2016","23.9400","23.9790","24.0010","23.9400","1.00K","-0.21"
"Sep 06, 2016","23.9899","24.0079","24.0079","23.9899","0.50K","-0.46"
"Sep 01, 2016","24.1000","24.0390","24.1000","24.0390","3.80K","0.25"
"Aug 31, 2016","24.0400","24.0500","24.0600","24.0400","0.87K","-0.25"
"Aug 30, 2016","24.1000","24.1000","24.1000","24.1000","1.61K","-0.17"
"Aug 29, 2016","24.1400","24.0900","24.1400","24.0900","3.60K","0.58"
"Aug 26, 2016","24.0000","24.0200","24.0700","24.0000","3.20K","-0.21"
"Aug 25, 2016","24.0500","23.9500","24.0500","23.9500","3.20K","-0.21"
"Aug 19, 2016","24.1000","24.0600","24.1100","24.0600","2.20K","-0.21"
"Aug 16, 2016","24.1500","24.1500","24.1500","24.1400","0.76K","0.08"
"Aug 15, 2016","24.1300","24.1100","24.1800","24.1100","0.90K","0.24"
"Aug 09, 2016","24.0713","24.1199","24.1199","24.0713","2.40K","0.18"
"Aug 05, 2016","24.0291","23.8999","24.0291","23.8999","2.94K","0.74"
"Aug 03, 2016","23.8530","23.8200","23.8530","23.8200","6.15K","-1.68"
"Jul 26, 2016","24.2600","24.2900","24.2900","24.2600","9.10K","0.41"
"Jul 15, 2016","24.1601","24.1601","24.1601","24.1601","0.10K","0.58"
"Jul 14, 2016","24.0200","24.0200","24.0200","24.0200","9.00K","0.00"
"Jul 01, 2016","24.0200","24.0200","24.0200","24.0200","3.80K","1.44"
"Jun 30, 2016","23.6800","23.6800","23.6800","23.6800","0.10K","0.38"
"Jun 29, 2016","23.5900","23.5900","23.5900","23.5900","8.90K","-0.59"
"Jun 24, 2016","23.7300","23.9000","23.9000","23.7200","1.36K","-0.71"
"Jun 23, 2016","23.9000","23.9000","23.9000","23.9000","0.76K","0.29"
"Jun 22, 2016","23.8300","23.8200","23.8300","23.8200","0.90K","0.42"
"Jun 16, 2016","23.7292","23.7250","23.7300","23.6900","6.08K","-0.34"
"Jun 09, 2016","23.8100","23.8600","23.9300","23.8000","53.68K","0.13"
"Jun 06, 2016","23.7800","23.7990","23.7990","23.7800","0.90K","-0.13"
"May 24, 2016","23.8100","23.8000","23.8100","23.8000","0.60K","0.08"
"May 17, 2016","23.7899","23.6999","23.7899","23.6999","0.80K","0.08"
"May 12, 2016","23.7700","23.7700","23.7700","23.7700","0.35K","0.34"
"May 11, 2016","23.6900","23.7400","23.7400","23.6500","4.90K","0.21"
"May 10, 2016","23.6400","23.7100","23.7400","23.6400","4.00K","-0.59"
"May 09, 2016","23.7800","23.8400","23.8400","23.7330","0.55K","-0.75"
"May 06, 2016","23.9600","23.9500","23.9600","23.9500","0.75K","0.04"
"May 04, 2016","23.9500","23.9500","24.0500","23.9500","3.80K","-0.43"
"May 03, 2016","24.0530","24.0537","24.0550","24.0530","1.07K","0.47"
"May 02, 2016","23.9400","23.9500","23.9600","23.9100","0.60K","-1.83"
"Apr 29, 2016","24.3867","23.9600","24.3867","23.9200","19.12K","1.19"
"Apr 28, 2016","24.1000","23.9800","24.1300","23.9800","39.25K","0.12"
"Apr 27, 2016","24.0700","24.0300","24.1000","23.9600","51.60K","0.29"
"Apr 26, 2016","24.0000","24.0000","24.0500","23.9400","11.10K","-0.08"
"Apr 25, 2016","24.0200","24.0900","24.0900","24.0200","17.30K","-0.26"
"Apr 22, 2016","24.0820","24.0828","24.0860","24.0820","1.00K","0.80"
"Apr 21, 2016","23.8900","24.0000","24.0000","23.8875","3.60K","1.49"
"Apr 11, 2016","23.5400","23.5400","23.5400","23.5400","0.20K","0.50"
"Apr 08, 2016","23.4240","23.5474","23.5474","23.4000","1.77K","-0.45"
"Apr 07, 2016","23.5300","23.5600","23.5600","23.5300","0.59K","0.30"
"Apr 06, 2016","23.4600","23.4400","23.4600","23.4400","0.30K","0.42"
"Mar 31, 2016","23.3619","23.3619","23.3619","23.3619","0.21K","-0.44"
"Mar 30, 2016","23.4660","23.4860","23.4860","23.4660","2.18K","4.01"
"Mar 04, 2016","22.5608","22.5608","22.5608","22.5608","0.10K","1.36"
"Mar 01, 2016","22.2590","22.2590","22.2590","22.2590","0.11K","0.49"
"Feb 22, 2016","22.1500","22.2200","22.2200","22.1500","0.30K","-0.49"
"Feb 10, 2016","22.2600","22.3100","22.3100","22.2400","0.70K","-0.05"
"Feb 09, 2016","22.2701","22.2601","22.2701","22.2601","1.32K","-1.85"
"Feb 03, 2016","22.6900","22.8400","23.1300","22.5000","0.55K","0.62"
"Feb 01, 2016","22.5500","22.4900","22.5500","22.4900","14.77K","-0.92"
"Jan 27, 2016","22.7599","22.7169","22.7599","22.7169","1.32K","1.29"
"Jan 20, 2016","22.4700","22.6600","22.6900","22.4700","10.81K","-3.19"
"Jan 13, 2016","23.2100","23.2900","23.2900","23.2100","0.21K","-0.90"
"Jan 08, 2016","23.4200","23.4200","23.4200","23.4200","0.20K","-0.93"
"Jan 05, 2016","23.6401","23.6960","23.6960","23.6400","1.37K","-0.59"
"Dec 29, 2015","23.7800","23.8800","23.9100","23.7500","11.00K","-0.25"
"Dec 17, 2015","23.8400","23.8400","23.8400","23.8400","0.20K","-0.46"
"Dec 08, 2015","23.9500","24.0100","24.0100","23.9500","0.38K","-0.17"
"Dec 02, 2015","23.9900","23.9600","23.9900","23.9600","0.70K","0.21"
"Nov 30, 2015","23.9400","23.9400","23.9400","23.9400","0.38K","-0.08"
"Nov 24, 2015","23.9599","23.9500","23.9599","23.9476","1.50K","-0.91"
"Oct 29, 2015","24.1799","24.1499","24.1799","24.1499","0.80K","-0.12"
"Oct 27, 2015","24.2100","24.1800","24.2100","24.1700","0.40K","-0.29"
"Oct 23, 2015","24.2800","24.0900","24.3400","23.7600","29.60K","-0.21"
"Oct 22, 2015","24.3300","24.2900","24.3500","24.2900","17.65K","0.54"
"Oct 21, 2015","24.2000","24.1700","24.2100","24.1700","15.80K","0.58"
"Oct 19, 2015","24.0600","24.0600","24.0600","24.0500","0.60K","0.54"
"Oct 16, 2015","23.9300","23.9500","23.9500","23.9300","15.00K","-0.35"
"Oct 15, 2015","24.0150","24.0800","24.0900","24.0150","1.23K","-0.19"
"Oct 14, 2015","24.0600","24.0600","24.0600","24.0500","40.65K","0.42"
"Oct 06, 2015","23.9589","23.9699","23.9699","23.9589","1.03K","1.05"
"Oct 01, 2015","23.7100","23.7100","23.7100","23.7100","0.17K","-0.42"
"Sep 30, 2015","23.8100","23.7800","23.8100","23.7800","269.64K","-1.69"
"Sep 24, 2015","24.2199","24.2199","24.2199","24.2199","0.27K","-0.21"
"Sep 22, 2015","24.2700","24.2700","24.2700","24.2700","0.10K","-0.29"
"Sep 18, 2015","24.3400","24.3700","24.4000","24.3400","0.40K","0.70"
"","","","","","",""
"","Highest:27.4200","Lowest:22.1500","Difference:5.2700","Average:25.0928","Change %:8.5643"
